drawings_commit,loom,file,part_number,manufacturer,description,quantity
f991c33921a86f14d3fd06f5c66b596edfba8db4,A-cabin,ST185-A-cabin.harness,0460-202-1631,TE DEUTSCH,"CONTACT, PIN, SOLID, SIZE 16, GOLD, 16-20 AWG, 13 A",39
f991c33921a86f14d3fd06f5c66b596edfba8db4,A-cabin,ST185-A-cabin.harness,0460-220-1231,TE DEUTSCH,"CONTACT, PIN, SOLID, SIZE 12, GOLD, 12-14 AWG, 25 A",2
f991c33921a86f14d3fd06f5c66b596edfba8db4,A-cabin,ST185-A-cabin.harness,0462-201-1631,TE DEUTSCH,"CONTACT, SOCKET, SOLID, SIZE 16, GOLD, 16-20 AWG, 13 A",6
f991c33921a86f14d3fd06f5c66b596edfba8db4,A-cabin,ST185-A-cabin.harness,1-1393304-0,TE Connectivity,"RELAY, PLUG-IN, MAXI ISO F7, TE V23134-J1052-X281, 1 FORM A, 70 A AT 23 C / 50 A AT 85 C, 12 VDC COIL 90 OHM, 560 OHM PARALLEL RESISTOR, MOUNTING BRACKET",2
f991c33921a86f14d3fd06f5c66b596edfba8db4,A-cabin,ST185-A-cabin.harness,1-1414147-0,TE Connectivity,"RELAY, PLUG-IN, MAXI ISO F7, TE V23134-J0052-X429, 1 FORM A, 70 A AT 23 C / 50 A AT 85 C, 12 VDC COIL 90 OHM, 680 OHM PARALLEL RESISTOR",2
f991c33921a86f14d3fd06f5c66b596edfba8db4,A-cabin,ST185-A-cabin.harness,1-1904045-6,TE Connectivity,"SOCKET, RELAY, MICRO ISO, 5 POS, WITH MOUNTING FLAP (V23333-Z0001-B046)",1
f991c33921a86f14d3fd06f5c66b596edfba8db4,A-cabin,ST185-A-cabin.harness,1.8k 1/4W,generic,"RESISTOR, FIXED, METAL FILM, 1.8 KOHM, 5 PCT, 1/4 W",1
f991c33921a86f14d3fd06f5c66b596edfba8db4,A-cabin,ST185-A-cabin.harness,114017,TE DEUTSCH,"PLUG, SEALING, CAVITY, SIZE 16, WHITE",10
f991c33921a86f14d3fd06f5c66b596edfba8db4,A-cabin,ST185-A-cabin.harness,1393310-4,TE Connectivity,"SOCKET, RELAY, MAXI ISO (VCF7-1000), 4 POS",4
f991c33921a86f14d3fd06f5c66b596edfba8db4,A-cabin,ST185-A-cabin.harness,160927-4,TE Connectivity,"CONTACT, RECEPTACLE, 6.3 X 0.8, TIN, 1.0-2.5 MM2 (18-14 AWG)",2
f991c33921a86f14d3fd06f5c66b596edfba8db4,A-cabin,ST185-A-cabin.harness,280755-4,TE Connectivity,"CONTACT, RECEPTACLE, FASTIN-FASTON 375 (9.5 MM), UNINSULATED, TIN, 6-10 MM2 (10-8 AWG)",2
f991c33921a86f14d3fd06f5c66b596edfba8db4,A-cabin,ST185-A-cabin.harness,280756-4,TE Connectivity,"CONTACT, RECEPTACLE, FASTIN-FASTON 375 (9.5 MM), UNINSULATED, TIN, 3.3-5.3 MM2 (12-10 AWG)",6
f991c33921a86f14d3fd06f5c66b596edfba8db4,A-cabin,ST185-A-cabin.harness,280919-4,TE Connectivity,"CONTACT, RECEPTACLE, 4.8 X 0.8, TIN, 0.5-1.5 MM2 (20-16 AWG)",2
f991c33921a86f14d3fd06f5c66b596edfba8db4,A-cabin,ST185-A-cabin.harness,3-1447221-3,TE Connectivity,"CONTACT, SOCKET, CRIMP, SUPERSEAL 1.0, GOLD, 0.75-0.85 MM2 (18 AWG)",9
f991c33921a86f14d3fd06f5c66b596edfba8db4,A-cabin,ST185-A-cabin.harness,3-1447221-4,TE Connectivity,"CONTACT, SOCKET, CRIMP, SUPERSEAL 1.0, GOLD, 0.5 MM2 (20 AWG), INSUL 1.6-2.2 MM",25
f991c33921a86f14d3fd06f5c66b596edfba8db4,A-cabin,ST185-A-cabin.harness,4-1437290-1,TE Connectivity,"CONNECTOR, RECEPTACLE, SUPERSEAL 1.0, 34 POS, CODE 2, SOCKET CONTACTS, BLUE",1
f991c33921a86f14d3fd06f5c66b596edfba8db4,A-cabin,ST185-A-cabin.harness,4-1904124-2,TE Connectivity,"RELAY, PLUG-IN, MICRO ISO, TE V23074-A1001-A402, 1 FORM A, 25 A, 12 VDC COIL 119 OHM, 680 OHM PARALLEL RESISTOR",1
f991c33921a86f14d3fd06f5c66b596edfba8db4,A-cabin,ST185-A-cabin.harness,42281-1,TE Connectivity,"CONTACT, RECEPTACLE, FASTIN-FASTON 250 (6.3 MM), TIN, 0.8-2.0 MM2 (18-14 AWG)",8
f991c33921a86f14d3fd06f5c66b596edfba8db4,A-cabin,ST185-A-cabin.harness,DRB12-102PAE-L018,TE DEUTSCH,"CONNECTOR, RECEPTACLE, DRB, 102 POS, PIN CONTACTS, E SEAL, A KEY, WIRE ROUTER, FLANGE MOUNT",1
f991c33921a86f14d3fd06f5c66b596edfba8db4,A-cabin,ST185-A-cabin.harness,DRBF-1A,TE DEUTSCH,"FLANGE, MOUNTING, DRB 102/128 SERIES",1
f991c33921a86f14d3fd06f5c66b596edfba8db4,A-cabin,ST185-A-cabin.harness,DT04-2P,TE DEUTSCH,"CONNECTOR, RECEPTACLE, DT, 2 POS, PIN CONTACTS, N SEAL, GRAY",1
f991c33921a86f14d3fd06f5c66b596edfba8db4,A-cabin,ST185-A-cabin.harness,DT06-6S,TE DEUTSCH,"CONNECTOR, PLUG, DT, 6 POS, SOCKET CONTACTS, N SEAL, GRAY",1
f991c33921a86f14d3fd06f5c66b596edfba8db4,A-cabin,ST185-A-cabin.harness,GENERIC FLYING LEAD,generic,"TERMINAL, FLYING LEAD",1
f991c33921a86f14d3fd06f5c66b596edfba8db4,A-cabin,ST185-A-cabin.harness,GENERIC RING M6 12-10,generic,"TERMINAL, RING, INSULATED, NYLON, M6 STUD, 12-10 AWG",1
f991c33921a86f14d3fd06f5c66b596edfba8db4,A-cabin,ST185-A-cabin.harness,GENERIC SHLD CABLE 1C 20AWG VIO,generic,"CABLE, SHIELDED, 1 CONDUCTOR, 20 AWG, VIOLET, FOIL + TINNED COPPER BRAID, JACKETED",1
f991c33921a86f14d3fd06f5c66b596edfba8db4,A-cabin,ST185-A-cabin.harness,GENERIC SHLD CABLE 3C 20AWG,generic,"CABLE, SHIELDED, 3 CONDUCTOR, 20 AWG, FOIL + TINNED COPPER BRAID, JACKETED",1
f991c33921a86f14d3fd06f5c66b596edfba8db4,A-cabin,ST185-A-cabin.harness,GENERIC SOLDER SPLICE,generic,"SPLICE, SOLDERED, ADHESIVE HEATSHRINK OVER",11
f991c33921a86f14d3fd06f5c66b596edfba8db4,A-cabin,ST185-A-cabin.harness,W2P,TE DEUTSCH,"WEDGELOCK, DT, 2-WAY RECEPTACLE",1
f991c33921a86f14d3fd06f5c66b596edfba8db4,A-cabin,ST185-A-cabin.harness,W6S,TE DEUTSCH,"WEDGELOCK, DT, 6-WAY PLUG",1
f991c33921a86f14d3fd06f5c66b596edfba8db4,B-cabin,ST185-B-cabin.harness,"(ring lug, 8 AWG, M6)",generic,"TERMINAL, LUG, RING, COPPER, TINNED, 8 AWG, M6 STUD, ADHESIVE HEATSHRINK",2
f991c33921a86f14d3fd06f5c66b596edfba8db4,B-cabin,ST185-B-cabin.harness,0413-214-1205,TE DEUTSCH,"PLUG, SEALING, CAVITY, SIZE 12, YELLOW",2
f991c33921a86f14d3fd06f5c66b596edfba8db4,B-cabin,ST185-B-cabin.harness,0460-202-1631,TE DEUTSCH,"CONTACT, PIN, SOLID, SIZE 16, GOLD, 16-20 AWG, 13 A",19
f991c33921a86f14d3fd06f5c66b596edfba8db4,B-cabin,ST185-B-cabin.harness,0460-220-1231,TE DEUTSCH,"CONTACT, PIN, SOLID, SIZE 12, GOLD, 12-14 AWG, 25 A",2
f991c33921a86f14d3fd06f5c66b596edfba8db4,B-cabin,ST185-B-cabin.harness,0462-201-1631,TE DEUTSCH,"CONTACT, SOCKET, SOLID, SIZE 16, GOLD, 16-20 AWG, 13 A",5
f991c33921a86f14d3fd06f5c66b596edfba8db4,B-cabin,ST185-B-cabin.harness,114017,TE DEUTSCH,"PLUG, SEALING, CAVITY, SIZE 16, WHITE",1
f991c33921a86f14d3fd06f5c66b596edfba8db4,B-cabin,ST185-B-cabin.harness,1393310-4,TE Connectivity,"SOCKET, RELAY, MAXI ISO (VCF7-1000), 4 POS",1
f991c33921a86f14d3fd06f5c66b596edfba8db4,B-cabin,ST185-B-cabin.harness,280755-4,TE Connectivity,"CONTACT, RECEPTACLE, FASTIN-FASTON 375 (9.5 MM), UNINSULATED, TIN, 6-10 MM2 (10-8 AWG)",2
f991c33921a86f14d3fd06f5c66b596edfba8db4,B-cabin,ST185-B-cabin.harness,282110-1,TE Connectivity,"CONTACT, SOCKET, CRIMP, SUPERSEAL 1.5, TIN, 0.75-1.5 MM2 (18-16 AWG), SEAL 281934-2",2
f991c33921a86f14d3fd06f5c66b596edfba8db4,B-cabin,ST185-B-cabin.harness,3-1447221-3,TE Connectivity,"CONTACT, SOCKET, CRIMP, SUPERSEAL 1.0, GOLD, 0.75-0.85 MM2 (18 AWG)",8
f991c33921a86f14d3fd06f5c66b596edfba8db4,B-cabin,ST185-B-cabin.harness,3-1447221-4,TE Connectivity,"CONTACT, SOCKET, CRIMP, SUPERSEAL 1.0, GOLD, 0.5 MM2 (20 AWG), INSUL 1.6-2.2 MM",16
f991c33921a86f14d3fd06f5c66b596edfba8db4,B-cabin,ST185-B-cabin.harness,4-1437290-0,TE Connectivity,"CONNECTOR, RECEPTACLE, SUPERSEAL 1.0, 34 POS, CODE 1, SOCKET CONTACTS, BLUE",1
f991c33921a86f14d3fd06f5c66b596edfba8db4,B-cabin,ST185-B-cabin.harness,42281-1,TE Connectivity,"CONTACT, RECEPTACLE, FASTIN-FASTON 250 (6.3 MM), TIN, 0.8-2.0 MM2 (18-14 AWG)",2
f991c33921a86f14d3fd06f5c66b596edfba8db4,B-cabin,ST185-B-cabin.harness,470R 1/4W,generic,"RESISTOR, FIXED, METAL FILM, 470 OHM, 5 PCT, 1/4 W",1
f991c33921a86f14d3fd06f5c66b596edfba8db4,B-cabin,ST185-B-cabin.harness,7-1904094-9,TE Connectivity,"RELAY, PLUG-IN, MAXI ISO F7, TE V23134-J0052-X439, 1 FORM A, 70 A AT 23 C / 50 A AT 85 C, 12 VDC COIL 91 OHM, DIODE SUPPRESSED, CATHODE ON 86",1
f991c33921a86f14d3fd06f5c66b596edfba8db4,B-cabin,ST185-B-cabin.harness,DT04-2P,TE DEUTSCH,"CONNECTOR, RECEPTACLE, DT, 2 POS, PIN CONTACTS, N SEAL, GRAY",1
f991c33921a86f14d3fd06f5c66b596edfba8db4,B-cabin,ST185-B-cabin.harness,DT06-6S,TE DEUTSCH,"CONNECTOR, PLUG, DT, 6 POS, SOCKET CONTACTS, N SEAL, GRAY",1
f991c33921a86f14d3fd06f5c66b596edfba8db4,B-cabin,ST185-B-cabin.harness,GENERIC FLYING LEAD,generic,"TERMINAL, FLYING LEAD",2
f991c33921a86f14d3fd06f5c66b596edfba8db4,B-cabin,ST185-B-cabin.harness,GENERIC SHLD CABLE 1C 20AWG VIO,generic,"CABLE, SHIELDED, 1 CONDUCTOR, 20 AWG, VIOLET, FOIL + TINNED COPPER BRAID, JACKETED",1
f991c33921a86f14d3fd06f5c66b596edfba8db4,B-cabin,ST185-B-cabin.harness,GENERIC SHLD CABLE 4C 20AWG,generic,"CABLE, SHIELDED, 4 CONDUCTOR, 20 AWG, FOIL + TINNED COPPER BRAID, JACKETED",1
f991c33921a86f14d3fd06f5c66b596edfba8db4,B-cabin,ST185-B-cabin.harness,GENERIC SOLDER SPLICE,generic,"SPLICE, SOLDERED, ADHESIVE HEATSHRINK OVER",5
f991c33921a86f14d3fd06f5c66b596edfba8db4,B-cabin,ST185-B-cabin.harness,V23132-A2001-B200,TE Connectivity,"RELAY, HIGH CURRENT, TE HCR 150, IP67, 1 FORM A, 130 A AT 85 C, 12 VDC COIL 37 OHM 3.9 W, PARALLEL RESISTOR, STUD LOAD TERMINALS",1
f991c33921a86f14d3fd06f5c66b596edfba8db4,B-cabin,ST185-B-cabin.harness,W2P,TE DEUTSCH,"WEDGELOCK, DT, 2-WAY RECEPTACLE",1
f991c33921a86f14d3fd06f5c66b596edfba8db4,B-cabin,ST185-B-cabin.harness,W6S,TE DEUTSCH,"WEDGELOCK, DT, 6-WAY PLUG",1
f991c33921a86f14d3fd06f5c66b596edfba8db4,CabinPower,ST185-CabinPower.harness,(generic),Generic,"CONTACT, SOCKET, CRIMP, GENERIC",2
f991c33921a86f14d3fd06f5c66b596edfba8db4,CabinPower,ST185-CabinPower.harness,(pump pigtail - Walbro F90000295),Walbro,"CONNECTOR, PIGTAIL, 2 POS",1
f991c33921a86f14d3fd06f5c66b596edfba8db4,CabinPower,ST185-CabinPower.harness,1-1355833-1,TE Connectivity,"CONTACT, FUSE, SINGLE, CUNISI PRE-TINNED, 0.5-1.0 MM2 (20-18 AWG)",2
f991c33921a86f14d3fd06f5c66b596edfba8db4,CabinPower,ST185-CabinPower.harness,1-1355844-1,TE Connectivity,"CONTACT, BUSBAR, CUNISI PRE-TINNED, 4.0-6.0 MM2 (10 AWG)",2
f991c33921a86f14d3fd06f5c66b596edfba8db4,CabinPower,ST185-CabinPower.harness,1-1355877-1,TE Connectivity,"CONTACT, FUSE, SINGLE, CUNISI PRE-TINNED, 1.0-2.5 MM2 (18-14 AWG)",6
f991c33921a86f14d3fd06f5c66b596edfba8db4,CabinPower,ST185-CabinPower.harness,1-1355880-1,TE Connectivity,"CONTACT, FUSE, SINGLE, CUNISI PRE-TINNED, 2.5-4 MM2 (14-12 AWG)",3
f991c33921a86f14d3fd06f5c66b596edfba8db4,CabinPower,ST185-CabinPower.harness,2141029-1,TE Connectivity,"FUSE HOLDER, MODULE, MFINITY, 16 POS MINI FUSE, HARD WIRED",1
f991c33921a86f14d3fd06f5c66b596edfba8db4,CabinPower,ST185-CabinPower.harness,GENERIC LUG M8 4AWG,generic,"TERMINAL, LUG, RING, COPPER, TINNED, 4 AWG, M8 STUD, ADHESIVE HEATSHRINK",2
f991c33921a86f14d3fd06f5c66b596edfba8db4,CabinPower,ST185-CabinPower.harness,GENERIC RING M5 10-8,generic,"TERMINAL, LUG, RING, COPPER, TINNED, 10-8 AWG, M5 STUD, ADHESIVE HEATSHRINK",4
f991c33921a86f14d3fd06f5c66b596edfba8db4,CabinPower,ST185-CabinPower.harness,GENERIC RING M6 12-10,generic,"TERMINAL, RING, INSULATED, NYLON, M6 STUD, 12-10 AWG",1
f991c33921a86f14d3fd06f5c66b596edfba8db4,CabinPower,ST185-CabinPower.harness,LMI5-M-2-CB1AD,Eaton Bussmann,"FUSE BLOCK, MODULAR, LMI, METRIC, 1 INPUT MODULE (M8 STUD) + 4 AMI FUSE MODULES (M5 STUDS), 400 A MAX COMBINED",1
f991c33921a86f14d3fd06f5c66b596edfba8db4,APS-Pedal,ST185-APS-Pedal.harness,(generic),Generic,"CONTACT, SOCKET, CRIMP, GENERIC",6
f991c33921a86f14d3fd06f5c66b596edfba8db4,APS-Pedal,ST185-APS-Pedal.harness,0460-202-1631,TE DEUTSCH,"CONTACT, PIN, SOLID, SIZE 16, GOLD, 16-20 AWG, 13 A",6
f991c33921a86f14d3fd06f5c66b596edfba8db4,APS-Pedal,ST185-APS-Pedal.harness,0462-201-1631,TE DEUTSCH,"CONTACT, SOCKET, SOLID, SIZE 16, GOLD, 16-20 AWG, 13 A",6
f991c33921a86f14d3fd06f5c66b596edfba8db4,APS-Pedal,ST185-APS-Pedal.harness,DT04-6P,TE DEUTSCH,"CONNECTOR, RECEPTACLE, DT, 6 POS, PIN CONTACTS, N SEAL, GRAY",1
f991c33921a86f14d3fd06f5c66b596edfba8db4,APS-Pedal,ST185-APS-Pedal.harness,DT06-6S,TE DEUTSCH,"CONNECTOR, PLUG, DT, 6 POS, SOCKET CONTACTS, N SEAL, GRAY",1
f991c33921a86f14d3fd06f5c66b596edfba8db4,APS-Pedal,ST185-APS-Pedal.harness,Sumitomo TS 025 6-way,Sumitomo / Subaru,"CONNECTOR, PLUG, SUMITOMO TS 025, 6 POS, SOCKET CONTACTS",1
f991c33921a86f14d3fd06f5c66b596edfba8db4,APS-Pedal,ST185-APS-Pedal.harness,W6P,TE DEUTSCH,"WEDGELOCK, DT, 6-WAY RECEPTACLE",1
f991c33921a86f14d3fd06f5c66b596edfba8db4,APS-Pedal,ST185-APS-Pedal.harness,W6S,TE DEUTSCH,"WEDGELOCK, DT, 6-WAY PLUG",1
f991c33921a86f14d3fd06f5c66b596edfba8db4,A-engine,ST185-A-engine.harness,(generic),Generic,"CONTACT, SOCKET, CRIMP, GENERIC",3
f991c33921a86f14d3fd06f5c66b596edfba8db4,A-engine,ST185-A-engine.harness,"(kit socket, D 261 205 358-01)",Bosch / AMP,"CONTACT, SOCKET, CRIMP, GOLD",6
f991c33921a86f14d3fd06f5c66b596edfba8db4,A-engine,ST185-A-engine.harness,(kit-supplied pigtail),RacerX,"CONNECTOR, PIGTAIL, 3 POS",1
f991c33921a86f14d3fd06f5c66b596edfba8db4,A-engine,ST185-A-engine.harness,0462-201-16141,TE DEUTSCH,"CONTACT, SOCKET, SOLID, SIZE 16, NICKEL, 16-20 AWG, 13 A",5
f991c33921a86f14d3fd06f5c66b596edfba8db4,A-engine,ST185-A-engine.harness,0462-201-1631,TE DEUTSCH,"CONTACT, SOCKET, SOLID, SIZE 16, GOLD, 16-20 AWG, 13 A",40
f991c33921a86f14d3fd06f5c66b596edfba8db4,A-engine,ST185-A-engine.harness,0462-210-1231,TE DEUTSCH,"CONTACT, SOCKET, SOLID, SIZE 12, GOLD, 12-14 AWG, 25 A",2
f991c33921a86f14d3fd06f5c66b596edfba8db4,A-engine,ST185-A-engine.harness,114017,TE DEUTSCH,"PLUG, SEALING, CAVITY, SIZE 16, WHITE",13
f991c33921a86f14d3fd06f5c66b596edfba8db4,A-engine,ST185-A-engine.harness,12052641,Aptiv,"CONNECTOR, PLUG, METRI-PACK 150.2, 2 POS, SEALED, SOCKET CONTACTS",1
f991c33921a86f14d3fd06f5c66b596edfba8db4,A-engine,ST185-A-engine.harness,12084200,Aptiv,"CONTACT, SOCKET, CRIMP, METRI-PACK 150.2, TIN, CABLE-SEALED, 0.35-0.5 MM2 (22-20 AWG)",5
f991c33921a86f14d3fd06f5c66b596edfba8db4,A-engine,ST185-A-engine.harness,12110293,Aptiv,"CONNECTOR, PLUG, METRI-PACK 150.2, 3 POS, SEALED, SOCKET CONTACTS",1
f991c33921a86f14d3fd06f5c66b596edfba8db4,A-engine,ST185-A-engine.harness,13519047,Aptiv,"CONNECTOR, PLUG, GT 150, 3 POS, SEALED, SOCKET CONTACTS",1
f991c33921a86f14d3fd06f5c66b596edfba8db4,A-engine,ST185-A-engine.harness,15326426,Aptiv,"CONTACT, SOCKET, CRIMP, GT 150, GOLD, SEALED, 0.35-0.50 MM2 (22-20 AWG), CABLE OD 1.20-1.85 MM",5
f991c33921a86f14d3fd06f5c66b596edfba8db4,A-engine,ST185-A-engine.harness,15326427,Aptiv,"CONTACT, SOCKET, CRIMP, GT 150, GOLD, 0.75-1.0 MM2 (18-16 AWG)",6
f991c33921a86f14d3fd06f5c66b596edfba8db4,A-engine,ST185-A-engine.harness,15419715,Aptiv,"CONNECTOR, PLUG, GT 150, 2 POS, SEALED, GRAY, USCAR / EV6",4
f991c33921a86f14d3fd06f5c66b596edfba8db4,A-engine,ST185-A-engine.harness,8100-0461,Sumitomo,"CONTACT, SOCKET, CRIMP, SUMITOMO TS 090 (2.3 MM), TIN, 0.5-1.25 MM2 (20-16 AWG)",16
f991c33921a86f14d3fd06f5c66b596edfba8db4,A-engine,ST185-A-engine.harness,90980-11062,Toyota,"CONNECTOR, PLUG, TOYOTA, 2 POS, SOCKET CONTACTS",2
f991c33921a86f14d3fd06f5c66b596edfba8db4,A-engine,ST185-A-engine.harness,90980-11885,Toyota,"CONNECTOR, PLUG, TOYOTA, 4 POS, SOCKET CONTACTS",4
f991c33921a86f14d3fd06f5c66b596edfba8db4,A-engine,ST185-A-engine.harness,D 261 205 358-01,Bosch,"CONNECTOR, PLUG, BOSCH MOTORSPORT KIT, 6 POS, SOCKET CONTACTS",1
f991c33921a86f14d3fd06f5c66b596edfba8db4,A-engine,ST185-A-engine.harness,DRB16-102SAE-L018,TE DEUTSCH,"CONNECTOR, PLUG, DRB, 102 POS, SOCKET CONTACTS, E SEAL, A KEY, WIRE ROUTER",1
f991c33921a86f14d3fd06f5c66b596edfba8db4,A-engine,ST185-A-engine.harness,DT06-2S,TE DEUTSCH,"CONNECTOR, PLUG, DT, 2 POS, SOCKET CONTACTS, N SEAL, GRAY",1
f991c33921a86f14d3fd06f5c66b596edfba8db4,A-engine,ST185-A-engine.harness,DT06-3S,TE DEUTSCH,"CONNECTOR, PLUG, DT, 3 POS, SOCKET CONTACTS, N SEAL, GRAY",1
f991c33921a86f14d3fd06f5c66b596edfba8db4,A-engine,ST185-A-engine.harness,DT06-6S,TE DEUTSCH,"CONNECTOR, PLUG, DT, 6 POS, SOCKET CONTACTS, N SEAL, GRAY",1
f991c33921a86f14d3fd06f5c66b596edfba8db4,A-engine,ST185-A-engine.harness,GENERIC CRIMP SPLICE 14-10,generic,"SPLICE, CRIMP, UNINSULATED, COPPER, TINNED, COMBINED 14-10 AWG, ADHESIVE HEATSHRINK OVER",1
f991c33921a86f14d3fd06f5c66b596edfba8db4,A-engine,ST185-A-engine.harness,GENERIC RING M6 12-10,generic,"TERMINAL, RING, INSULATED, NYLON, M6 STUD, 12-10 AWG",1
f991c33921a86f14d3fd06f5c66b596edfba8db4,A-engine,ST185-A-engine.harness,GENERIC SHLD CABLE 1C 20AWG BLU,generic,"CABLE, SHIELDED, 1 CONDUCTOR, 20 AWG, BLUE, FOIL + TINNED COPPER BRAID, JACKETED",2
f991c33921a86f14d3fd06f5c66b596edfba8db4,A-engine,ST185-A-engine.harness,GENERIC SOLDER SPLICE,generic,"SPLICE, SOLDERED, ADHESIVE HEATSHRINK OVER",5
f991c33921a86f14d3fd06f5c66b596edfba8db4,A-engine,ST185-A-engine.harness,GENERIC SPADE RECEPTACLE 12-10,generic,"TERMINAL, QUICK CONNECT, RECEPTACLE, INSULATED, 6.3 MM (250) TAB, 12-10 AWG",1
f991c33921a86f14d3fd06f5c66b596edfba8db4,A-engine,ST185-A-engine.harness,TBD - A/C coolant temperature switch connector,TBD,"CONNECTOR, 2 POS, TYPE TBD",1
f991c33921a86f14d3fd06f5c66b596edfba8db4,A-engine,ST185-A-engine.harness,W2S,TE DEUTSCH,"WEDGELOCK, DT, 2-WAY PLUG",1
f991c33921a86f14d3fd06f5c66b596edfba8db4,A-engine,ST185-A-engine.harness,W3S,TE DEUTSCH,"WEDGELOCK, DT, 3-WAY PLUG",1
f991c33921a86f14d3fd06f5c66b596edfba8db4,A-engine,ST185-A-engine.harness,W6S,TE DEUTSCH,"WEDGELOCK, DT, 6-WAY PLUG",1
f991c33921a86f14d3fd06f5c66b596edfba8db4,B-engine,ST185-B-engine.harness,0413-214-1205,TE DEUTSCH,"PLUG, SEALING, CAVITY, SIZE 12, YELLOW",2
f991c33921a86f14d3fd06f5c66b596edfba8db4,B-engine,ST185-B-engine.harness,0460-202-1631,TE DEUTSCH,"CONTACT, PIN, SOLID, SIZE 16, GOLD, 16-20 AWG, 13 A",3
f991c33921a86f14d3fd06f5c66b596edfba8db4,B-engine,ST185-B-engine.harness,0462-201-1631,TE DEUTSCH,"CONTACT, SOCKET, SOLID, SIZE 16, GOLD, 16-20 AWG, 13 A",17
f991c33921a86f14d3fd06f5c66b596edfba8db4,B-engine,ST185-B-engine.harness,0462-210-1231,TE DEUTSCH,"CONTACT, SOCKET, SOLID, SIZE 12, GOLD, 12-14 AWG, 25 A",2
f991c33921a86f14d3fd06f5c66b596edfba8db4,B-engine,ST185-B-engine.harness,1 928 403 874,Bosch,"CONNECTOR, PLUG, BOSCH COMPACT 1.1A, 2 POS, SOCKET CONTACTS",1
f991c33921a86f14d3fd06f5c66b596edfba8db4,B-engine,ST185-B-engine.harness,114017,TE DEUTSCH,"PLUG, SEALING, CAVITY, SIZE 16, WHITE",3
f991c33921a86f14d3fd06f5c66b596edfba8db4,B-engine,ST185-B-engine.harness,12084200,Aptiv,"CONTACT, SOCKET, CRIMP, METRI-PACK 150.2, TIN, CABLE-SEALED, 0.35-0.5 MM2 (22-20 AWG)",9
f991c33921a86f14d3fd06f5c66b596edfba8db4,B-engine,ST185-B-engine.harness,12110293,Aptiv,"CONNECTOR, PLUG, METRI-PACK 150.2, 3 POS, SEALED, SOCKET CONTACTS",3
f991c33921a86f14d3fd06f5c66b596edfba8db4,B-engine,ST185-B-engine.harness,8100-0461,Sumitomo,"CONTACT, SOCKET, CRIMP, SUMITOMO TS 090 (2.3 MM), TIN, 0.5-1.25 MM2 (20-16 AWG)",7
f991c33921a86f14d3fd06f5c66b596edfba8db4,B-engine,ST185-B-engine.harness,90980-11062,Toyota,"CONNECTOR, PLUG, TOYOTA, 2 POS, SOCKET CONTACTS",2
f991c33921a86f14d3fd06f5c66b596edfba8db4,B-engine,ST185-B-engine.harness,90980-11143,Toyota,"CONNECTOR, PLUG, TOYOTA OVAL, 3 POS, SOCKET CONTACTS",1
f991c33921a86f14d3fd06f5c66b596edfba8db4,B-engine,ST185-B-engine.harness,BDK 2.8,Bosch,"CONTACT, SOCKET, CRIMP, BOSCH BDK 2.8, 0.5-1.0 MM2 (20-18 AWG)",2
f991c33921a86f14d3fd06f5c66b596edfba8db4,B-engine,ST185-B-engine.harness,DT04-6P,TE DEUTSCH,"CONNECTOR, RECEPTACLE, DT, 6 POS, PIN CONTACTS, N SEAL, GRAY",1
f991c33921a86f14d3fd06f5c66b596edfba8db4,B-engine,ST185-B-engine.harness,GENERIC FLYING LEAD,generic,"TERMINAL, FLYING LEAD",1
f991c33921a86f14d3fd06f5c66b596edfba8db4,B-engine,ST185-B-engine.harness,GENERIC SHLD CABLE 2C TP 20AWG,generic,"CABLE, SHIELDED, 2 CONDUCTOR TWISTED PAIR, 20 AWG, FOIL + TINNED COPPER BRAID, JACKETED",1
f991c33921a86f14d3fd06f5c66b596edfba8db4,B-engine,ST185-B-engine.harness,GENERIC SOLDER SPLICE,generic,"SPLICE, SOLDERED, ADHESIVE HEATSHRINK OVER",5
f991c33921a86f14d3fd06f5c66b596edfba8db4,B-engine,ST185-B-engine.harness,W6P,TE DEUTSCH,"WEDGELOCK, DT, 6-WAY RECEPTACLE",1
f991c33921a86f14d3fd06f5c66b596edfba8db4,CAN,ST185-CAN.harness,0413-204-2005,TE DEUTSCH,"PLUG, SEALING, CAVITY, SIZE 20, RED",4
f991c33921a86f14d3fd06f5c66b596edfba8db4,CAN,ST185-CAN.harness,0462-201-2031,TE DEUTSCH,"CONTACT, SOCKET, SOLID, SIZE 20, GOLD, 20 AWG, 7.5 A",6
f991c33921a86f14d3fd06f5c66b596edfba8db4,CAN,ST185-CAN.harness,120R 1/4W,Generic,"RESISTOR, FIXED, METAL FILM, 120 OHM, 1 PCT, 1/4 W",2
f991c33921a86f14d3fd06f5c66b596edfba8db4,CAN,ST185-CAN.harness,DTM06-4S,TE DEUTSCH,"CONNECTOR, PLUG, DTM, 4 POS, SOCKET CONTACTS, GRAY",1
f991c33921a86f14d3fd06f5c66b596edfba8db4,CAN,ST185-CAN.harness,DTM06-6S,TE DEUTSCH,"CONNECTOR, PLUG, DTM, 6 POS, SOCKET CONTACTS, GRAY",1
f991c33921a86f14d3fd06f5c66b596edfba8db4,CAN,ST185-CAN.harness,GENERIC FLYING LEAD,generic,"TERMINAL, FLYING LEAD",2
f991c33921a86f14d3fd06f5c66b596edfba8db4,CAN,ST185-CAN.harness,GENERIC SOLDER SPLICE,generic,"SPLICE, SOLDERED, ADHESIVE HEATSHRINK OVER",4
f991c33921a86f14d3fd06f5c66b596edfba8db4,CAN,ST185-CAN.harness,WM-4S,TE DEUTSCH,"WEDGELOCK, DTM, 4-WAY PLUG",1
f991c33921a86f14d3fd06f5c66b596edfba8db4,CAN,ST185-CAN.harness,WM-6S,TE DEUTSCH,"WEDGELOCK, DTM, 6-WAY PLUG",1
f991c33921a86f14d3fd06f5c66b596edfba8db4,EngineRoom-C,ST185-EngineRoom-C.harness,(OEM block),Toyota,"CONNECTOR, OEM, JUNCTION OR RELAY BLOCK",3
f991c33921a86f14d3fd06f5c66b596edfba8db4,EngineRoom-C,ST185-EngineRoom-C.harness,"(Toyota TS terminals, supplied with owned housings)",Toyota / Sumitomo,"CONTACT, SOCKET, CRIMP, TOYOTA",4
f991c33921a86f14d3fd06f5c66b596edfba8db4,EngineRoom-C,ST185-EngineRoom-C.harness,(generic),Generic,"CONTACT, SOCKET, CRIMP, GENERIC",7
f991c33921a86f14d3fd06f5c66b596edfba8db4,EngineRoom-C,ST185-EngineRoom-C.harness,(glove-box body block - 2nd fuse block + relays),assembly,"ASSEMBLY, FUSE AND RELAY BLOCK, 12-16 WAY, GLOVE BOX",1
f991c33921a86f14d3fd06f5c66b596edfba8db4,EngineRoom-C,ST185-EngineRoom-C.harness,(integral - RL00801-50),Amphenol,"CONTACT, RADSOK 8.0, INTEGRAL TO RL00801-50 CABLE CONNECTOR, 50 MM2 (1/0) CRIMP BARREL",4
f991c33921a86f14d3fd06f5c66b596edfba8db4,EngineRoom-C,ST185-EngineRoom-C.harness,"(ring lug, sized to cable)",generic,"TERMINAL, LUG, RING, COPPER, TINNED, SIZED TO CABLE, ADHESIVE HEATSHRINK",17
f991c33921a86f14d3fd06f5c66b596edfba8db4,EngineRoom-C,ST185-EngineRoom-C.harness,0462-203-08141,TE DEUTSCH,"CONTACT, SOCKET, SOLID, SIZE 8, NICKEL, 8-10 AWG, 60 A",4
f991c33921a86f14d3fd06f5c66b596edfba8db4,EngineRoom-C,ST185-EngineRoom-C.harness,DTHD06-1-8S,TE DEUTSCH,"CONNECTOR, PLUG, DTHD, 1 POS, SIZE 8 SOCKET CONTACT, 8-10 AWG, 60 A",4
f991c33921a86f14d3fd06f5c66b596edfba8db4,EngineRoom-C,ST185-EngineRoom-C.harness,GENERIC FLYING LEAD,generic,"TERMINAL, FLYING LEAD",1
f991c33921a86f14d3fd06f5c66b596edfba8db4,EngineRoom-C,ST185-EngineRoom-C.harness,GENERIC HEAVY FLYING LEAD 10-6,generic,"TERMINAL, FLYING LEAD, HEAVY",5
f991c33921a86f14d3fd06f5c66b596edfba8db4,EngineRoom-C,ST185-EngineRoom-C.harness,GENERIC LUG M10 2AWG,generic,"TERMINAL, LUG, RING, COPPER, TINNED, 2 AWG, M10 STUD, ADHESIVE HEATSHRINK",2
f991c33921a86f14d3fd06f5c66b596edfba8db4,EngineRoom-C,ST185-EngineRoom-C.harness,GENERIC LUG M10 4AWG,generic,"TERMINAL, LUG, RING, COPPER, TINNED, 4 AWG, M10 STUD, ADHESIVE HEATSHRINK",1
f991c33921a86f14d3fd06f5c66b596edfba8db4,EngineRoom-C,ST185-EngineRoom-C.harness,GENERIC LUG M10 50MM2,generic,"TERMINAL, LUG, RING, COPPER, TINNED, 50 MM2 (1/0) BARREL, M10 STUD, ADHESIVE HEATSHRINK",6
f991c33921a86f14d3fd06f5c66b596edfba8db4,EngineRoom-C,ST185-EngineRoom-C.harness,GENERIC LUG M10 8AWG,generic,"TERMINAL, LUG, RING, COPPER, TINNED, 8 AWG, M10 STUD, ADHESIVE HEATSHRINK",1
f991c33921a86f14d3fd06f5c66b596edfba8db4,EngineRoom-C,ST185-EngineRoom-C.harness,GENERIC LUG M8 2AWG,generic,"TERMINAL, LUG, RING, COPPER, TINNED, 2 AWG, M8 STUD, ADHESIVE HEATSHRINK",1
f991c33921a86f14d3fd06f5c66b596edfba8db4,EngineRoom-C,ST185-EngineRoom-C.harness,GENERIC LUG M8 4AWG,generic,"TERMINAL, LUG, RING, COPPER, TINNED, 4 AWG, M8 STUD, ADHESIVE HEATSHRINK",1
f991c33921a86f14d3fd06f5c66b596edfba8db4,EngineRoom-C,ST185-EngineRoom-C.harness,GENERIC LUG M8 8AWG,generic,"TERMINAL, LUG, RING, COPPER, TINNED, 8 AWG, M8 STUD, ADHESIVE HEATSHRINK",2
f991c33921a86f14d3fd06f5c66b596edfba8db4,EngineRoom-C,ST185-EngineRoom-C.harness,MR-S ZZW30 EHPS pump - A 90980-12068 / B 90980-10897 / C 90980-10942,Toyota / Sumitomo,"CONNECTOR SET, TOYOTA, 3 HOUSINGS: 90980-12068 2 POS, 90980-10897 6 POS, 90980-10942 2 POS",1
f991c33921a86f14d3fd06f5c66b596edfba8db4,EngineRoom-C,ST185-EngineRoom-C.harness,PDB-M8x8,TBD,"BLOCK, POWER DISTRIBUTION, 8 STUD M8, 150-250 A BUS",1
f991c33921a86f14d3fd06f5c66b596edfba8db4,EngineRoom-C,ST185-EngineRoom-C.harness,RL00801-50BK,Amphenol,"CONNECTOR, CABLE, RADLOK 8.0, FEMALE, 200 A, 50 MM2 (1/0), BLACK",2
f991c33921a86f14d3fd06f5c66b596edfba8db4,EngineRoom-C,ST185-EngineRoom-C.harness,RL00801-50RE,Amphenol,"CONNECTOR, CABLE, RADLOK 8.0, FEMALE, 200 A, 50 MM2 (1/0), RED",2
f991c33921a86f14d3fd06f5c66b596edfba8db4,EngineRoom-C,ST185-EngineRoom-C.harness,jump-post-M8,TBD,"POST, JUMP START, M8, INSULATED",1
f991c33921a86f14d3fd06f5c66b596edfba8db4,ClusterLED,ST185-ClusterLED.harness,"(LED board indicator - 12 V, resistor on board)",LED board,"DIODE, LIGHT EMITTING, INDICATOR, 12 V",6
f991c33921a86f14d3fd06f5c66b596edfba8db4,ClusterLED,ST185-ClusterLED.harness,GENERIC FLYING LEAD,generic,"TERMINAL, FLYING LEAD",6
f991c33921a86f14d3fd06f5c66b596edfba8db4,ClusterLED,ST185-ClusterLED.harness,GENERIC RING M6 22-16,generic,"TERMINAL, RING, INSULATED, NYLON, M6 STUD, 22-16 AWG",1
f991c33921a86f14d3fd06f5c66b596edfba8db4,ClusterLED,ST185-ClusterLED.harness,GENERIC SOLDER SPLICE,generic,"SPLICE, SOLDERED, ADHESIVE HEATSHRINK OVER",2
f991c33921a86f14d3fd06f5c66b596edfba8db4,WheelSpeed-Rear,ST185-WheelSpeed-Rear.harness,0460-202-1631,TE DEUTSCH,"CONTACT, PIN, SOLID, SIZE 16, GOLD, 16-20 AWG, 13 A",5
f991c33921a86f14d3fd06f5c66b596edfba8db4,WheelSpeed-Rear,ST185-WheelSpeed-Rear.harness,0462-201-16141,TE DEUTSCH,"CONTACT, SOCKET, SOLID, SIZE 16, NICKEL, 16-20 AWG, 13 A",4
f991c33921a86f14d3fd06f5c66b596edfba8db4,WheelSpeed-Rear,ST185-WheelSpeed-Rear.harness,114017,TE DEUTSCH,"PLUG, SEALING, CAVITY, SIZE 16, WHITE",1
f991c33921a86f14d3fd06f5c66b596edfba8db4,WheelSpeed-Rear,ST185-WheelSpeed-Rear.harness,DT04-6P,TE DEUTSCH,"CONNECTOR, RECEPTACLE, DT, 6 POS, PIN CONTACTS, N SEAL, GRAY",1
f991c33921a86f14d3fd06f5c66b596edfba8db4,WheelSpeed-Rear,ST185-WheelSpeed-Rear.harness,DT06-2S,TE DEUTSCH,"CONNECTOR, PLUG, DT, 2 POS, SOCKET CONTACTS, N SEAL, GRAY",2
f991c33921a86f14d3fd06f5c66b596edfba8db4,WheelSpeed-Rear,ST185-WheelSpeed-Rear.harness,GENERIC SHLD CABLE 2C TP 20AWG,generic,"CABLE, SHIELDED, 2 CONDUCTOR TWISTED PAIR, 20 AWG, FOIL + TINNED COPPER BRAID, JACKETED",2
f991c33921a86f14d3fd06f5c66b596edfba8db4,WheelSpeed-Rear,ST185-WheelSpeed-Rear.harness,GENERIC SHLD CABLE 4C 20AWG,generic,"CABLE, SHIELDED, 4 CONDUCTOR, 20 AWG, FOIL + TINNED COPPER BRAID, JACKETED",1
f991c33921a86f14d3fd06f5c66b596edfba8db4,WheelSpeed-Rear,ST185-WheelSpeed-Rear.harness,W2S,TE DEUTSCH,"WEDGELOCK, DT, 2-WAY PLUG",2
f991c33921a86f14d3fd06f5c66b596edfba8db4,WheelSpeed-Rear,ST185-WheelSpeed-Rear.harness,W6P,TE DEUTSCH,"WEDGELOCK, DT, 6-WAY RECEPTACLE",1
f991c33921a86f14d3fd06f5c66b596edfba8db4,WheelSpeed-Front,ST185-WheelSpeed-Front.harness,0460-202-1631,TE DEUTSCH,"CONTACT, PIN, SOLID, SIZE 16, GOLD, 16-20 AWG, 13 A",6
f991c33921a86f14d3fd06f5c66b596edfba8db4,WheelSpeed-Front,ST185-WheelSpeed-Front.harness,0462-201-16141,TE DEUTSCH,"CONTACT, SOCKET, SOLID, SIZE 16, NICKEL, 16-20 AWG, 13 A",4
f991c33921a86f14d3fd06f5c66b596edfba8db4,WheelSpeed-Front,ST185-WheelSpeed-Front.harness,DT04-6P,TE DEUTSCH,"CONNECTOR, RECEPTACLE, DT, 6 POS, PIN CONTACTS, N SEAL, GRAY",1
f991c33921a86f14d3fd06f5c66b596edfba8db4,WheelSpeed-Front,ST185-WheelSpeed-Front.harness,DT06-2S,TE DEUTSCH,"CONNECTOR, PLUG, DT, 2 POS, SOCKET CONTACTS, N SEAL, GRAY",2
f991c33921a86f14d3fd06f5c66b596edfba8db4,WheelSpeed-Front,ST185-WheelSpeed-Front.harness,GENERIC SHLD CABLE 1C 20AWG VIO,generic,"CABLE, SHIELDED, 1 CONDUCTOR, 20 AWG, VIOLET, FOIL + TINNED COPPER BRAID, JACKETED",1
f991c33921a86f14d3fd06f5c66b596edfba8db4,WheelSpeed-Front,ST185-WheelSpeed-Front.harness,GENERIC SHLD CABLE 2C TP 20AWG,generic,"CABLE, SHIELDED, 2 CONDUCTOR TWISTED PAIR, 20 AWG, FOIL + TINNED COPPER BRAID, JACKETED",2
f991c33921a86f14d3fd06f5c66b596edfba8db4,WheelSpeed-Front,ST185-WheelSpeed-Front.harness,GENERIC SHLD CABLE 3C 20AWG,generic,"CABLE, SHIELDED, 3 CONDUCTOR, 20 AWG, FOIL + TINNED COPPER BRAID, JACKETED",1
f991c33921a86f14d3fd06f5c66b596edfba8db4,WheelSpeed-Front,ST185-WheelSpeed-Front.harness,W2S,TE DEUTSCH,"WEDGELOCK, DT, 2-WAY PLUG",2
f991c33921a86f14d3fd06f5c66b596edfba8db4,WheelSpeed-Front,ST185-WheelSpeed-Front.harness,W6P,TE DEUTSCH,"WEDGELOCK, DT, 6-WAY RECEPTACLE",1
f991c33921a86f14d3fd06f5c66b596edfba8db4,ACAmp-Spur,ST185-ACAmp-Spur.harness,0462-201-16141,TE DEUTSCH,"CONTACT, SOCKET, SOLID, SIZE 16, NICKEL, 16-20 AWG, 13 A",2
f991c33921a86f14d3fd06f5c66b596edfba8db4,ACAmp-Spur,ST185-ACAmp-Spur.harness,DT06-2S,TE DEUTSCH,"CONNECTOR, PLUG, DT, 2 POS, SOCKET CONTACTS, N SEAL, GRAY",1
f991c33921a86f14d3fd06f5c66b596edfba8db4,ACAmp-Spur,ST185-ACAmp-Spur.harness,GENERIC FLYING LEAD,generic,"TERMINAL, FLYING LEAD",2
f991c33921a86f14d3fd06f5c66b596edfba8db4,ACAmp-Spur,ST185-ACAmp-Spur.harness,W2S,TE DEUTSCH,"WEDGELOCK, DT, 2-WAY PLUG",1
f991c33921a86f14d3fd06f5c66b596edfba8db4,RearFuel,ST185-RearFuel.harness,0462-201-16141,TE DEUTSCH,"CONTACT, SOCKET, SOLID, SIZE 16, NICKEL, 16-20 AWG, 13 A",2
f991c33921a86f14d3fd06f5c66b596edfba8db4,RearFuel,ST185-RearFuel.harness,12052641,Aptiv,"CONNECTOR, PLUG, METRI-PACK 150.2, 2 POS, SEALED, SOCKET CONTACTS",1
f991c33921a86f14d3fd06f5c66b596edfba8db4,RearFuel,ST185-RearFuel.harness,12084200,Aptiv,"CONTACT, SOCKET, CRIMP, METRI-PACK 150.2, TIN, CABLE-SEALED, 0.35-0.5 MM2 (22-20 AWG)",2
f991c33921a86f14d3fd06f5c66b596edfba8db4,RearFuel,ST185-RearFuel.harness,DT06-2S,TE DEUTSCH,"CONNECTOR, PLUG, DT, 2 POS, SOCKET CONTACTS, N SEAL, GRAY",1
f991c33921a86f14d3fd06f5c66b596edfba8db4,RearFuel,ST185-RearFuel.harness,W2S,TE DEUTSCH,"WEDGELOCK, DT, 2-WAY PLUG",1
f991c33921a86f14d3fd06f5c66b596edfba8db4,AntiTheft,ST185-AntiTheft.harness,0462-201-1631,TE DEUTSCH,"CONTACT, SOCKET, SOLID, SIZE 16, GOLD, 16-20 AWG, 13 A",21
f991c33921a86f14d3fd06f5c66b596edfba8db4,AntiTheft,ST185-AntiTheft.harness,DT06-12SA,TE DEUTSCH,"CONNECTOR, PLUG, DT, 12 POS, SOCKET CONTACTS, N SEAL, KEY A, GRAY",1
f991c33921a86f14d3fd06f5c66b596edfba8db4,AntiTheft,ST185-AntiTheft.harness,DT06-2S,TE DEUTSCH,"CONNECTOR, PLUG, DT, 2 POS, SOCKET CONTACTS, N SEAL, GRAY",3
f991c33921a86f14d3fd06f5c66b596edfba8db4,AntiTheft,ST185-AntiTheft.harness,DT06-3S,TE DEUTSCH,"CONNECTOR, PLUG, DT, 3 POS, SOCKET CONTACTS, N SEAL, GRAY",1
f991c33921a86f14d3fd06f5c66b596edfba8db4,AntiTheft,ST185-AntiTheft.harness,GENERIC FLYING LEAD,generic,"TERMINAL, FLYING LEAD",7
f991c33921a86f14d3fd06f5c66b596edfba8db4,AntiTheft,ST185-AntiTheft.harness,GENERIC RING M6 22-16,generic,"TERMINAL, RING, INSULATED, NYLON, M6 STUD, 22-16 AWG",3
f991c33921a86f14d3fd06f5c66b596edfba8db4,AntiTheft,ST185-AntiTheft.harness,GENERIC SOLDER SPLICE,generic,"SPLICE, SOLDERED, ADHESIVE HEATSHRINK OVER",7
f991c33921a86f14d3fd06f5c66b596edfba8db4,AntiTheft,ST185-AntiTheft.harness,W12S,TE DEUTSCH,"WEDGELOCK, DT, 12-WAY PLUG",1
f991c33921a86f14d3fd06f5c66b596edfba8db4,AntiTheft,ST185-AntiTheft.harness,W2S,TE DEUTSCH,"WEDGELOCK, DT, 2-WAY PLUG",3
f991c33921a86f14d3fd06f5c66b596edfba8db4,AntiTheft,ST185-AntiTheft.harness,W3S,TE DEUTSCH,"WEDGELOCK, DT, 3-WAY PLUG",1
f991c33921a86f14d3fd06f5c66b596edfba8db4,CSB3,ST185-CSB3.harness,0413-204-2005,TE DEUTSCH,"PLUG, SEALING, CAVITY, SIZE 20, RED",7
f991c33921a86f14d3fd06f5c66b596edfba8db4,CSB3,ST185-CSB3.harness,0462-201-2031,TE DEUTSCH,"CONTACT, SOCKET, SOLID, SIZE 20, GOLD, 20 AWG, 7.5 A",26
f991c33921a86f14d3fd06f5c66b596edfba8db4,CSB3,ST185-CSB3.harness,10k 1/4W,generic,"RESISTOR, FIXED, METAL FILM, 10 KOHM, 5 PCT, 1/4 W",1
f991c33921a86f14d3fd06f5c66b596edfba8db4,CSB3,ST185-CSB3.harness,GENERIC FLYING LEAD,generic,"TERMINAL, FLYING LEAD",6
f991c33921a86f14d3fd06f5c66b596edfba8db4,CSB3,ST185-CSB3.harness,GENERIC SOLDER SPLICE,generic,"SPLICE, SOLDERED, ADHESIVE HEATSHRINK OVER",1
f991c33921a86f14d3fd06f5c66b596edfba8db4,CSB3,ST185-CSB3.harness,HD36-24-33SE,TE DEUTSCH,"CONNECTOR, PLUG, HD30, SHELL 24, 33 POS, SOCKET CONTACTS, E SEAL",1
f991c33921a86f14d3fd06f5c66b596edfba8db4,shared,,WB-51PAL,TE DEUTSCH,"WEDGELOCK, DRB 102/128, RECEPTACLE, LEFT",1
f991c33921a86f14d3fd06f5c66b596edfba8db4,shared,,WB-51PAR,TE DEUTSCH,"WEDGELOCK, DRB 102/128, RECEPTACLE, RIGHT",1
f991c33921a86f14d3fd06f5c66b596edfba8db4,shared,,WB-51SAL,TE DEUTSCH,"WEDGELOCK, DRB 102/128, PLUG, LEFT",1
f991c33921a86f14d3fd06f5c66b596edfba8db4,shared,,WB-51SAR,TE DEUTSCH,"WEDGELOCK, DRB 102/128, PLUG, RIGHT",1
