File,Owner,Wire,Cable,From,From type,From pin,From signal,From terminal,To,To type,To pin,To signal,To terminal,Colour,AWG,Route,Est mm,Splice,Handoff,EWD,Done
A-engine,A-engine,cab_cam_c2,cab_cam,Bulkhead A - engine plug (HDP26-24-47SE-L015),real_connector,29,ECU-A A9,0462-201-2031,Cam Hall Sensor (RacerX),real_connector,c2,SIG,(generic),Blue,20,bn_bh_a_eng__bp_810 > bn_bp_810__bp_840 > bn_bp_840__bp_870 > bn_bp_870__bp_900 > bn_bp_900__cam,1150,,bulkhead A (mates cabin half),,
A-engine,A-engine,cab_cam_sh,cab_cam,Bulkhead A - engine plug (HDP26-24-47SE-L015),real_connector,34,Cam Hall screen,0462-201-2031,,?,,,,Shield,20,,,,bulkhead A (mates cabin half),,
A-engine,A-engine,cab_crank_c1,cab_crank,Bulkhead A - engine plug (HDP26-24-47SE-L015),real_connector,24,ECU-A A8,0462-201-2031,Crank VR Sensor (36-2),real_connector,c1,SIG+,0462-201-16141,Blue,20,bn_bp_750__bh_a_eng > bn_bp_720__bp_750 > bn_bp_690__bp_720 > bn_bp_660__bp_690 > bn_bp_630__bp_660 > bn_bp_600__bp_630 > bn_bp_570__bp_600 > bn_bp_540__bp_570 > bn_bp_510__bp_540 > bn_bp_480__bp_510 > bn_bp_450__bp_480 > bn_bp_450__crank,1510,,bulkhead A (mates cabin half),,
A-engine,A-engine,cab_crank_sh,cab_crank,Bulkhead A - engine plug (HDP26-24-47SE-L015),real_connector,33,Crank VR screen,0462-201-2031,,?,,,,Shield,20,,,,bulkhead A (mates cabin half),,
A-engine,A-engine,cab_knock1_c1,cab_knock1,Bulkhead B - engine plug (HDP26-24-21SN),real_connector,16,Knock 1 SIG+ (ECU B9),0462-201-1631,Knock Sensor 1,real_connector,c1,SIG+,BDK 2.8,Gray,20,bn_bp_810__bh_b_eng > bn_bh_a_eng__bp_810 > bn_bp_750__bh_a_eng > bn_bp_720__bp_750 > bn_bp_690__bp_720 > bn_bp_660__bp_690 > bn_bp_630__bp_660 > bn_bp_600__bp_630 > bn_bp_570__bp_600 > bn_bp_540__bp_570 > bn_bp_540__knock1,1440,,bulkhead B (mates cabin half),,
A-engine,A-engine,cab_knock1_c2,cab_knock1,Bulkhead B - engine plug (HDP26-24-21SN),real_connector,17,Knock 1 SIG- (to Gnd Out B22),0462-201-1631,Knock Sensor 1,real_connector,c2,SIG-,BDK 2.8,Green,20,bn_bp_810__bh_b_eng > bn_bh_a_eng__bp_810 > bn_bp_750__bh_a_eng > bn_bp_720__bp_750 > bn_bp_690__bp_720 > bn_bp_660__bp_690 > bn_bp_630__bp_660 > bn_bp_600__bp_630 > bn_bp_570__bp_600 > bn_bp_540__bp_570 > bn_bp_540__knock1,1440,,bulkhead B (mates cabin half),,
A-engine,A-engine,cab_knock1_sh,cab_knock1,Bulkhead B - engine plug (HDP26-24-21SN),real_connector,18,Knock 1 screen,0462-201-1631,,?,,,,Shield,20,,,,bulkhead B (mates cabin half),,
A-engine,A-engine,w103_e,,Bulkhead A - engine plug (HDP26-24-47SE-L015),real_connector,23,ECU-A A21,0462-201-2031,Boost Control Solenoid,real_connector,c2,LS,12084200,Pink,20,bn_bp_750__bh_a_eng > bn_bp_720__bp_750 > bn_bp_690__bp_720 > bn_bp_660__bp_690 > bn_bp_630__bp_660 > bn_bp_600__bp_630 > bn_bp_570__bp_600 > bn_bp_540__bp_570 > bn_bp_510__bp_540 > bn_bp_480__bp_510 > bn_bp_450__bp_480 > bn_bp_420__bp_450 > bn_bp_360__bp_420 > bn_bp_360__boost,1030,,bulkhead A (mates cabin half),,
A-engine,A-engine,w108_e,,Bulkhead A - engine plug (HDP26-24-47SE-L015),real_connector,13,ECU-A A4,0462-201-2031,Injector 1,real_connector,c2,INJ,15326426,Brown,20,bn_bp_750__bh_a_eng > bn_bp_720__bp_750 > bn_bp_690__bp_720 > bn_bp_660__bp_690 > bn_bp_630__bp_660 > bn_bp_630__inj1,1190,,bulkhead A (mates cabin half),,
A-engine,A-engine,w109_e,,Bulkhead A - engine plug (HDP26-24-47SE-L015),real_connector,14,ECU-A A3,0462-201-2031,Injector 2,real_connector,c2,INJ,15326426,Brown,20,bn_bp_750__bh_a_eng > bn_bp_720__bp_750 > bn_bp_690__bp_720 > bn_bp_660__bp_690 > bn_bp_660__inj2,1020,,bulkhead A (mates cabin half),,
A-engine,A-engine,w110_e,,Bulkhead A - engine plug (HDP26-24-47SE-L015),real_connector,15,ECU-A A2,0462-201-2031,Injector 3,real_connector,c2,INJ,15326426,Brown,20,bn_bp_750__bh_a_eng > bn_bp_720__bp_750 > bn_bp_690__bp_720 > bn_bp_690__inj3,640,,bulkhead A (mates cabin half),,
A-engine,A-engine,w111_e,,Bulkhead A - engine plug (HDP26-24-47SE-L015),real_connector,16,ECU-A A1,0462-201-2031,Injector 4,real_connector,c2,INJ,15326426,Brown,20,bn_bp_750__bh_a_eng > bn_bp_720__bp_750 > bn_bp_720__inj4,460,,bulkhead A (mates cabin half),,
A-engine,A-engine,w120_e,,Bulkhead A - engine plug (HDP26-24-47SE-L015),real_connector,17,ECU-A A13,0462-201-2031,COP 1 (1ZZ),real_connector,c3,IGT (TRIG),8100-0461,Violet,20,bn_bp_750__bh_a_eng > bn_bp_750__cop1,920,,bulkhead A (mates cabin half),,
A-engine,A-engine,w121_e,,Bulkhead A - engine plug (HDP26-24-47SE-L015),real_connector,18,ECU-A A12,0462-201-2031,COP 2 (1ZZ),real_connector,c3,IGT (TRIG),8100-0461,Violet,20,bn_bh_a_eng__bp_810 > bn_bp_810__cop2,740,,bulkhead A (mates cabin half),,
A-engine,A-engine,w122_e,,Bulkhead A - engine plug (HDP26-24-47SE-L015),real_connector,19,ECU-A A11,0462-201-2031,COP 3 (1ZZ),real_connector,c3,IGT (TRIG),8100-0461,Violet,20,bn_bh_a_eng__bp_810 > bn_bp_810__bp_840 > bn_bp_840__cop3,560,,bulkhead A (mates cabin half),,
A-engine,A-engine,w123_e,,Bulkhead A - engine plug (HDP26-24-47SE-L015),real_connector,20,ECU-A A10,0462-201-2031,COP 4 (1ZZ),real_connector,c3,IGT (TRIG),8100-0461,Violet,20,bn_bh_a_eng__bp_810 > bn_bp_810__bp_840 > bn_bp_840__bp_870 > bn_bp_870__cop4,400,,bulkhead A (mates cabin half),,
A-engine,A-engine,w128_e,,Bulkhead A - engine plug (HDP26-24-47SE-L015),real_connector,21,ECU-A A22,0462-201-2031,Bosch 74.5mm ETB,real_connector,c6,Poti1 (TPS-M),"(kit socket, D 261 205 358-01)",White,20,bn_bp_750__bh_a_eng > bn_bp_720__bp_750 > bn_bp_690__bp_720 > bn_bp_660__bp_690 > bn_bp_630__bp_660 > bn_bp_630__etb,730,,bulkhead A (mates cabin half),,
A-engine,A-engine,w129_e,,Bulkhead A - engine plug (HDP26-24-47SE-L015),real_connector,22,ECU-A A33,0462-201-2031,Bosch 74.5mm ETB,real_connector,c5,Poti2 (TPS-S),"(kit socket, D 261 205 358-01)",White,20,bn_bp_750__bh_a_eng > bn_bp_720__bp_750 > bn_bp_690__bp_720 > bn_bp_660__bp_690 > bn_bp_630__bp_660 > bn_bp_630__etb,730,,bulkhead A (mates cabin half),,
A-engine,A-engine,w16_e,,Bulkhead A - engine plug (HDP26-24-47SE-L015),real_connector,7,ECU-A A30,0462-201-2031,Turbo Speed Sensor,real_connector,B,SIG,0462-201-16141,Green,20,bn_bp_750__bh_a_eng > bn_bp_720__bp_750 > bn_bp_690__bp_720 > bn_bp_660__bp_690 > bn_bp_630__bp_660 > bn_bp_600__bp_630 > bn_bp_570__bp_600 > bn_bp_540__bp_570 > bn_bp_510__bp_540 > bn_bp_480__bp_510 > bn_bp_450__bp_480 > bn_bp_420__bp_450 > bn_bp_420__turbospd,900,,bulkhead A (mates cabin half),,
A-engine,A-engine,w201_e,,Bulkhead A - engine plug (HDP26-24-47SE-L015),real_connector,25,ECU-A A15,0462-201-2031,ECT Sensor,real_connector,c1,SIG,8100-0461,Yellow,20,bn_bp_750__bh_a_eng > bn_bp_720__bp_750 > bn_bp_690__bp_720 > bn_bp_660__bp_690 > bn_bp_630__bp_660 > bn_bp_600__bp_630 > bn_bp_570__bp_600 > bn_bp_570__ect,1450,,bulkhead A (mates cabin half),,
A-engine,A-engine,w202_e,,Bulkhead A - engine plug (HDP26-24-47SE-L015),real_connector,26,ECU-A A16,0462-201-2031,IAT Sensor (Manifold),real_connector,c1,SIG,8100-0461,Yellow,20,bn_bp_750__bh_a_eng > bn_bp_720__bp_750 > bn_bp_690__bp_720 > bn_bp_660__bp_690 > bn_bp_660__iat,700,,bulkhead A (mates cabin half),,
A-engine,A-engine,w203_e,,Bulkhead B - engine plug (HDP26-24-21SN),real_connector,10,ECU-B B6,0462-201-1631,Oil Temp Sensor,real_connector,c1,SIG,8100-0461,Yellow,20,bn_bp_810__bh_b_eng > bn_bh_a_eng__bp_810 > bn_bp_750__bh_a_eng > bn_bp_720__bp_750 > bn_bp_690__bp_720 > bn_bp_660__bp_690 > bn_bp_630__bp_660 > bn_bp_600__bp_630 > bn_bp_570__bp_600 > bn_bp_540__bp_570 > bn_bp_510__bp_540 > bn_bp_480__bp_510 > bn_bp_480__oilt,1430,,bulkhead B (mates cabin half),,
A-engine,A-engine,w204_e,,Bulkhead B - engine plug (HDP26-24-21SN),real_connector,11,ECU-B B7,0462-201-1631,Charge-Pipe IAT Sensor,real_connector,c1,SIG,8100-0461,Yellow,20,bn_bp_810__bh_b_eng > bn_bh_a_eng__bp_810 > bn_bp_750__bh_a_eng > bn_bp_720__bp_750 > bn_bp_690__bp_720 > bn_bp_660__bp_690 > bn_bp_630__bp_660 > bn_bp_600__bp_630 > bn_bp_570__bp_600 > bn_bp_540__bp_570 > bn_bp_510__bp_540 > bn_bp_480__bp_510 > bn_bp_450__bp_480 > bn_bp_420__bp_450 > bn_bp_360__bp_420 > bn_bp_330__bp_360 > bn_bp_330__cpiat,1520,,bulkhead B (mates cabin half),,
A-engine,A-engine,w26_e,,Bulkhead A - engine plug (HDP26-24-47SE-L015),real_connector,8,ECU-A A17,0462-201-2031,MAP Sensor,real_connector,c2,SIG,12084200,White,20,bn_bp_750__bh_a_eng > bn_bp_720__bp_750 > bn_bp_720__map,430,,bulkhead A (mates cabin half),,
A-engine,A-engine,w29_e,,Bulkhead B - engine plug (HDP26-24-21SN),real_connector,7,ECU-B B15,0462-201-1631,Oil Pressure Sensor,real_connector,c2,SIG,12084200,White,20,bn_bp_810__bh_b_eng > bn_bh_a_eng__bp_810 > bn_bp_750__bh_a_eng > bn_bp_720__bp_750 > bn_bp_690__bp_720 > bn_bp_660__bp_690 > bn_bp_630__bp_660 > bn_bp_600__bp_630 > bn_bp_570__bp_600 > bn_bp_540__bp_570 > bn_bp_510__bp_540 > bn_bp_510__oilp,1300,,bulkhead B (mates cabin half),,
A-engine,A-engine,w32_e,,Bulkhead B - engine plug (HDP26-24-21SN),real_connector,8,ECU-B B16,0462-201-1631,Fuel Pressure Sensor,real_connector,c2,SIG,12084200,White,20,bn_bp_810__bh_b_eng > bn_bh_a_eng__bp_810 > bn_bp_750__bh_a_eng > bn_bp_720__bp_750 > bn_bp_690__bp_720 > bn_bp_660__bp_690 > bn_bp_630__bp_660 > bn_bp_600__bp_630 > bn_bp_600__fuelp,1050,,bulkhead B (mates cabin half),,
A-engine,A-engine,w35_e,,Bulkhead B - engine plug (HDP26-24-21SN),real_connector,9,ECU-B B23,0462-201-1631,Coolant Pressure Sensor,real_connector,c2,SIG,12084200,White,20,bn_bp_810__bh_b_eng > bn_bh_a_eng__bp_810 > bn_bp_750__bh_a_eng > bn_bp_720__bp_750 > bn_bp_690__bp_720 > bn_bp_660__bp_690 > bn_bp_630__bp_660 > bn_bp_600__bp_630 > bn_bp_600__clntp,1740,,bulkhead B (mates cabin half),,
A-engine,A-engine,w48_e,,Bulkhead A - engine plug (HDP26-24-47SE-L015),real_connector,9,ECU-A A31,0462-201-2031,Flex Fuel Sensor,real_connector,c3,FREQ OUT,15326426,Green,20,bn_bp_750__bh_a_eng > bn_bp_750__flex,530,,bulkhead A (mates cabin half),,
A-engine,A-engine,w_accts_rtn_e,,Bulkhead A - engine plug (HDP26-24-47SE-L015),real_connector,38,A/C coolant switch return -> A/C amplifier,0462-201-2031,A/C coolant temp switch (A/C amplifier's own; not the ECU ECT),real_connector,2,A/C coolant switch return -> A/C amplifier,,Brown,20,bn_bp_750__bh_a_eng > bn_bp_720__bp_750 > bn_bp_690__bp_720 > bn_bp_660__bp_690 > bn_bp_630__bp_660 > bn_bp_600__bp_630 > bn_bp_570__bp_600 > bn_bp_570__ac_cts,1500,,bulkhead A (mates cabin half),,
A-engine,A-engine,w_accts_sig_e,,Bulkhead A - engine plug (HDP26-24-47SE-L015),real_connector,37,A/C coolant switch signal -> A/C amplifier TW (not ECU),0462-201-2031,A/C coolant temp switch (A/C amplifier's own; not the ECU ECT),real_connector,1,A/C coolant switch signal -> A/C amplifier TW (not ECU),,Yellow,20,bn_bp_750__bh_a_eng > bn_bp_720__bp_750 > bn_bp_690__bp_720 > bn_bp_660__bp_690 > bn_bp_630__bp_660 > bn_bp_600__bp_630 > bn_bp_570__bp_600 > bn_bp_570__ac_cts,1500,,bulkhead A (mates cabin half),,
A-engine,A-engine,w_sw7_e,,Bulkhead B - engine plug (HDP26-24-21SN),real_connector,12,ECUMaster CSB3 - Power/CAN/Switch I/O SW,0462-201-1631,EWD TBD Back-up light switch-TBD TBD reverse signal -> bulkhead B c12 -> CSB3 S8 - solder sleeve into the factory lead,oem_flying_lead,,,,Green,20,bn_bp_810__bh_b_eng > bn_bp_810__bp_840 > bn_bp_840__bp_870 > bn_bp_870__bp_900 > bn_bp_900__bp_930 > bn_bp_930__bp_fl_reverse_sw > bn_bp_fl_reverse_sw__fl_reverse_sw_c1,1440,,bulkhead B (mates cabin half),EWD TBD - page not recorded in this repo yet Back-up light switch-TBD TBD,
ACAmp-Spur,ACAmp-Spur,w_accts_sg,,A/C coolant switch - 2-way inline mate (IX_AC_CTS),inline_interface,2,A/C coolant switch return -> A/C amplifier,0462-201-16141,EWD p.150 A34-TBD TBD A/C coolant switch return - solder sleeve into the factory sensor-return lead at the amplifier,oem_flying_lead,,,,Brown,20,bn_ix_accts_p__bp_amp > bn_bp_amp__fl_acamp_sg,300,,IX_AC_CTS -> ECU-Cabin,EWD p.150 A34 (auto A/C amplifier conn C)-TBD - sensor-return pin is not on p.150 TBD,
ACAmp-Spur,ACAmp-Spur,w_accts_tw,,A/C coolant switch - 2-way inline mate (IX_AC_CTS),inline_interface,1,A/C coolant switch signal -> A/C amplifier TW (not ECU),0462-201-16141,EWD p.150 A34-20 R-G TW water temp input <- A/C coolant switch - solder sleeve into the factory R-G lead at the amplifier,oem_flying_lead,,,,Yellow,20,bn_ix_accts_p__bp_amp > bn_bp_amp__fl_acamp_tw,300,,IX_AC_CTS -> ECU-Cabin,EWD p.150 A34 (auto A/C amplifier conn C)-20 R-G,
AntiTheft,AntiTheft,w_at_12v,,sp_12v,splice,,,,Alarm module - main harness (DT06-12SA),real_connector,1,"+12V CONSTANT - from cabin fuse block, 5A *",0462-201-1631,Red,20,,,sp_12v,,,
AntiTheft,AntiTheft,w_at_12v_shk,,sp_12v_shk,splice,,,,Shock / tilt sensor *,real_connector,A,"+12V CONSTANT - own 2A fuse, cabin block",0462-201-1631,Red,20,,,sp_12v_shk,,,
AntiTheft,AntiTheft,w_at_12v_shk_tie,,"+12V CONSTANT, 2A fuse, cabin fuse block *",terminal,,,,sp_12v_shk,splice,,,,Red,20,,,sp_12v_shk,,,
AntiTheft,AntiTheft,w_at_12v_tie,,"+12V CONSTANT, 5A from the cabin fuse block *",terminal,,,,sp_12v,splice,,,,Red,20,,,sp_12v,,,
AntiTheft,AntiTheft,w_at_door,,sp_door,splice,,,,Alarm module - main harness (DT06-12SA),real_connector,6,DOOR TRIGGER IN - negative *,0462-201-1631,Green,20,,,sp_door,,,
AntiTheft,AntiTheft,w_at_door_tie,,OEM door courtesy switches *,terminal,,,,sp_door,splice,,,,Green,20,,,sp_door,,,
AntiTheft,AntiTheft,w_at_gnd_a1,,Alarm module - main harness (DT06-12SA),real_connector,2,GROUND - cabin chassis stud *,0462-201-1631,Cabin chassis ground stud M6 - ring A *,terminal,,,,Black,20,bn_alarm__bp_990 > bn_bp_990__t_at_gnd,170,,,,
AntiTheft,AntiTheft,w_at_gnd_a2,,Siren (engine bay),real_connector,2,Ground - returns to cabin ground stud (ring A),0462-201-1631,Cabin chassis ground stud M6 - ring A *,terminal,,,,Black,20,bn_bp_270__siren > bn_bp_270__bp_930 > bn_bp_930__alarm > bn_alarm__bp_990 > bn_bp_990__t_at_gnd,1540,,,,
AntiTheft,AntiTheft,w_at_gnd_b1,,Shock / tilt sensor *,real_connector,B,Ground,0462-201-1631,Cabin chassis ground stud M6 - ring B *,terminal,,,,Black,20,bn_bp_1200__shock > bn_bp_1110__bp_1200 > bn_bp_1080__bp_1110 > bn_bp_1050__bp_1080 > bn_bp_1020__bp_1050 > bn_bp_1020__t_at_gnd_b,1230,,,,
AntiTheft,AntiTheft,w_at_gnd_b2,,Status LED (dash),real_connector,2,LED cathode to ground. Kit LED *,0462-201-1631,Cabin chassis ground stud M6 - ring B *,terminal,,,,Black,20,bn_bp_1050__led_sts > bn_bp_1020__bp_1050 > bn_bp_1020__t_at_gnd_b,620,,,,
AntiTheft,AntiTheft,w_at_gnd_c1,,Valet / program switch (hidden),real_connector,2,Ground,0462-201-1631,Cabin chassis ground stud M6 - ring C (valet),terminal,,,,Black,20,bn_bp_1050__valet > bn_bp_1050__bp_1080 > bn_bp_1080__t_at_gnd_c,350,,,,
AntiTheft,AntiTheft,w_at_hood,,sp_hood,splice,,,,Alarm module - main harness (DT06-12SA),real_connector,7,HOOD PIN IN - negative,0462-201-1631,Green,20,,,sp_hood,,,
AntiTheft,AntiTheft,w_at_hood_tie,,Hood pin switch - ADD ONE *,terminal,,,,sp_hood,splice,,,,Green,20,,,sp_hood,,,
AntiTheft,AntiTheft,w_at_ig,,sp_ig,splice,,,,Alarm module - main harness (DT06-12SA),real_connector,3,IGNITION SENSE - +12V key-on *,0462-201-1631,Pink,20,,,sp_ig,,,
AntiTheft,AntiTheft,w_at_ig_tie,,+12V IGNITION from the cabin fuse block,terminal,,,,sp_ig,splice,,,,Pink,20,,,sp_ig,,,
AntiTheft,AntiTheft,w_at_immob2,,Alarm module - main harness (DT06-12SA),real_connector,9,IMMOBILISER OUT - grounds when armed *,0462-201-1631,ECU-B-b27 (DI 10),reference_only,1,"ECU-B B27, DI 10 - Anti-Theft input *",,Violet,20,bn_alarm__bp_990 > bn_bp_990__bp_1020 > bn_bp_1020__bp_1050 > bn_bp_1050__bp_1080 > bn_bp_1080__bp_1110 > bn_bp_1110__dm_ecu_b_b27,1210,,cavity on ECU-Cabin,,
AntiTheft,AntiTheft,w_at_led,,Alarm module - main harness (DT06-12SA),real_connector,10,STATUS LED +,0462-201-1631,Status LED (dash),real_connector,1,"LED anode, from alarm c10",0462-201-1631,Orange,20,bn_alarm__bp_990 > bn_bp_990__bp_1020 > bn_bp_1020__bp_1050 > bn_bp_1050__led_sts,460,,,,
AntiTheft,AntiTheft,w_at_park,,Alarm module - main harness (DT06-12SA),real_connector,5,PARKING LIGHT OUT - flashes the park lamps on *,0462-201-1631,sp_park,splice,,,,White,20,,,sp_park,,,
AntiTheft,AntiTheft,w_at_park_tie,,sp_park,splice,,,,Park lamp flash - to a relay in the CABIN *,terminal,,,,White,20,,,sp_park,,,
AntiTheft,AntiTheft,w_at_shk_sig,,Shock / tilt sensor *,real_connector,C,Trigger out - negative pulse on impact,0462-201-1631,Alarm module - main harness (DT06-12SA),real_connector,12,SHOCK SENSOR TRIGGER IN - negative *,0462-201-1631,Blue,20,bn_bp_1200__shock > bn_bp_1110__bp_1200 > bn_bp_1080__bp_1110 > bn_bp_1050__bp_1080 > bn_bp_1020__bp_1050 > bn_bp_990__bp_1020 > bn_alarm__bp_990,1070,,,,
AntiTheft,AntiTheft,w_at_siren,,Alarm module - main harness (DT06-12SA),real_connector,4,"SIREN + - switched +12V out, 2A *",0462-201-1631,Siren (engine bay),real_connector,1,+12V switched from alarm c4,0462-201-1631,Brown,20,bn_bp_930__alarm > bn_bp_270__bp_930 > bn_bp_270__siren,1370,,,,
AntiTheft,AntiTheft,w_at_trunk,,sp_trunk,splice,,,,Alarm module - main harness (DT06-12SA),real_connector,8,TRUNK PIN IN - negative,0462-201-1631,Green,20,,,sp_trunk,,,
AntiTheft,AntiTheft,w_at_trunk_tie,,Trunk pin switch,terminal,,,,sp_trunk,splice,,,,Green,20,,,sp_trunk,,,
AntiTheft,AntiTheft,w_at_valet,,Alarm module - main harness (DT06-12SA),real_connector,11,VALET / PROGRAM SWITCH,0462-201-1631,Valet / program switch (hidden),real_connector,1,"Switch, from alarm c11",0462-201-1631,White,20,bn_alarm__bp_990 > bn_bp_990__bp_1020 > bn_bp_1020__bp_1050 > bn_bp_1050__valet,170,,,,
B-engine,B-engine,w10,,Charge-Pipe IAT,real_connector,c2,GND,8100-0461,sp_gndout_eng,splice,,,,Black/White,20,,,sp_gndout_eng,,,
B-engine,B-engine,w112,,COP 1,real_connector,c1,"+B 12V (switched, F10)",8100-0461,sp_cop_eng,splice,,,,Red,18,,,sp_cop_eng,,,
B-engine,B-engine,w113,,COP 2,real_connector,c1,"+B 12V (switched, F10)",8100-0461,sp_cop_eng,splice,,,,Red,18,,,sp_cop_eng,,,
B-engine,B-engine,w114,,COP 3,real_connector,c1,"+B 12V (switched, F10)",8100-0461,sp_cop_eng,splice,,,,Red,18,,,sp_cop_eng,,,
B-engine,B-engine,w115,,COP 4,real_connector,c1,"+B 12V (switched, F10)",8100-0461,sp_cop_eng,splice,,,,Red,18,,,sp_cop_eng,,,
B-engine,B-engine,w124_e,,Bulkhead B - engine plug (HDP26-24-21SN),real_connector,5,"ETB motor + (Aux 9, B18)",0462-201-1631,Bosch 74.5mm ETB,real_connector,c4,Motor+,"(kit socket, D 261 205 358-01)",Pink,18,bn_bp_750__bh_b_eng > bn_bp_720__bp_750 > bn_bp_690__bp_720 > bn_bp_660__bp_690 > bn_bp_630__bp_660 > bn_bp_630__etb,660,,bulkhead B (mates cabin half),,
B-engine,B-engine,w126,,Bosch 74.5mm ETB,real_connector,c3,+5V (TPS supply),"(kit socket, D 261 205 358-01)",sp_5v_eng,splice,,,,Orange,20,,,sp_5v_eng,,,
B-engine,B-engine,w127,,Bosch 74.5mm ETB,real_connector,c2,Poti- (GND),"(kit socket, D 261 205 358-01)",sp_gndout_eng,splice,,,,Black/White,20,,,sp_gndout_eng,,,
B-engine,B-engine,w17,,Turbo Speed Sensor,real_connector,C,Gnd Out,0462-201-16141,sp_gndout_eng,splice,,,,Black/White,20,,,sp_gndout_eng,,,
B-engine,B-engine,w2,,Crank VR Sensor,real_connector,c2,GND,0462-201-16141,sp_gndout_eng,splice,,,,Black/White,20,,,sp_gndout_eng,,,
B-engine,B-engine,w206,,MAP Sensor,real_connector,c1,5V,12084200,sp_5v_eng,splice,,,,Orange,20,,,sp_5v_eng,,,
B-engine,B-engine,w207,,Oil Pressure Sensor,real_connector,c1,5V,12084200,sp_5v_eng,splice,,,,Orange,20,,,sp_5v_eng,,,
B-engine,B-engine,w208,,Fuel Pressure Sensor,real_connector,c1,5V,12084200,sp_5v_eng,splice,,,,Orange,20,,,sp_5v_eng,,,
B-engine,B-engine,w209,,Coolant Pressure Sensor,real_connector,c1,5V,12084200,sp_5v_eng,splice,,,,Orange,20,,,sp_5v_eng,,,
B-engine,B-engine,w211,,Injector 1,real_connector,c1,12V,15326427,sp_inj_eng,splice,,,,Red,18,,,sp_inj_eng,,,
B-engine,B-engine,w212,,Injector 2,real_connector,c1,12V,15326427,sp_inj_eng,splice,,,,Red,18,,,sp_inj_eng,,,
B-engine,B-engine,w213,,Injector 3,real_connector,c1,12V,15326427,sp_inj_eng,splice,,,,Red,18,,,sp_inj_eng,,,
B-engine,B-engine,w214,,Injector 4,real_connector,c1,12V,15326427,sp_inj_eng,splice,,,,Red,18,,,sp_inj_eng,,,
B-engine,B-engine,w215_e,,Bulkhead B - engine plug (HDP26-24-21SN),real_connector,6,"ETB motor - (Aux 10, B26)",0462-201-1631,Bosch 74.5mm ETB,real_connector,c1,Motor-,"(kit socket, D 261 205 358-01)",Pink,18,bn_bp_750__bh_b_eng > bn_bp_720__bp_750 > bn_bp_690__bp_720 > bn_bp_660__bp_690 > bn_bp_630__bp_660 > bn_bp_630__etb,660,,bulkhead B (mates cabin half),,
B-engine,B-engine,w217,,Flex Fuel Sensor,real_connector,c1,12V,15326427,sp_sw12_eng,splice,,,,Red/White,18,,,sp_sw12_eng,,,
B-engine,B-engine,w218,,Turbo Speed Sensor,real_connector,A,+5V (sensor supply; kit red 12V lead is for the gauge only),0462-201-16141,sp_5v_eng,splice,,,,Orange,20,,,sp_5v_eng,,,
B-engine,B-engine,w219,,Boost Control Solenoid,real_connector,c1,12V,12084200,sp_sw12_eng,splice,,,,Red,20,,,sp_sw12_eng,,,
B-engine,B-engine,w24,,Cam Hall Sensor,real_connector,c3,Gnd Out,(generic),sp_gndout_eng,splice,,,,Black/White,20,,,sp_gndout_eng,,,
B-engine,B-engine,w27,,MAP Sensor,real_connector,c3,Gnd Out,12084200,sp_gndout_eng,splice,,,,Black/White,20,,,sp_gndout_eng,,,
B-engine,B-engine,w30,,Oil Pressure Sensor,real_connector,c3,Gnd Out,12084200,sp_gndout_eng,splice,,,,Black/White,20,,,sp_gndout_eng,,,
B-engine,B-engine,w33,,Fuel Pressure Sensor,real_connector,c3,Gnd Out,12084200,sp_gndout_eng,splice,,,,Black/White,20,,,sp_gndout_eng,,,
B-engine,B-engine,w36,,Coolant Pressure Sensor,real_connector,c3,Gnd Out,12084200,sp_gndout_eng,splice,,,,Black/White,20,,,sp_gndout_eng,,,
B-engine,B-engine,w4,,ECT Sensor,real_connector,c2,GND,8100-0461,sp_gndout_eng,splice,,,,Black/White,20,,,sp_gndout_eng,,,
B-engine,B-engine,w47,,Flex Fuel Sensor,real_connector,c2,GND,15326427,sp_gndout_eng,splice,,,,Black/White,18,,,sp_gndout_eng,,,
B-engine,B-engine,w6,,IAT Sensor,real_connector,c2,GND,8100-0461,sp_gndout_eng,splice,,,,Black/White,20,,,sp_gndout_eng,,,
B-engine,B-engine,w8,,Oil Temp Sensor,real_connector,c2,GND,8100-0461,sp_gndout_eng,splice,,,,Black/White,20,,,sp_gndout_eng,,,
B-engine,B-engine,w_cop1g,,COP 1,real_connector,c4,GND,8100-0461,sp_chassis_eng,splice,,,,Black,18,,,sp_chassis_eng,,,
B-engine,B-engine,w_cop2g,,COP 2,real_connector,c4,GND,8100-0461,sp_chassis_eng,splice,,,,Black,18,,,sp_chassis_eng,,,
B-engine,B-engine,w_cop3g,,COP 3,real_connector,c4,GND,8100-0461,sp_chassis_eng,splice,,,,Black,18,,,sp_chassis_eng,,,
B-engine,B-engine,w_cop4g,,COP 4,real_connector,c4,GND,8100-0461,sp_chassis_eng,splice,,,,Black,18,,,sp_chassis_eng,,,
B-engine,B-engine,w_cop_pwr_e,,Bulkhead B - engine plug (HDP26-24-21SN),real_connector,2,Switched 12V - COP / ignition coil power feed *,0462-210-1231,sp_cop_eng,splice,,,,Red,14,,,sp_cop_eng,bulkhead B (mates cabin half),,
B-engine,B-engine,w_eng_gnd,,Engine block ground stud (power ground),terminal,,,,sp_chassis_eng,splice,,,,Black,10,,,sp_chassis_eng,,,
B-engine,B-engine,w_inj_pwr_e,,Bulkhead B - engine plug (HDP26-24-21SN),real_connector,1,Switched 12V - INJECTOR power feed *,0462-210-1231,sp_inj_eng,splice,,,,Red,14,,,sp_inj_eng,bulkhead B (mates cabin half),,
B-engine,B-engine,w_lam12,,Link CAN-Lambda,real_connector,c1,Power +12V (10A fused per Link QSG),0462-201-2031,sp_sw12_eng,splice,,,,Red,20,,,sp_sw12_eng,,,
B-engine,B-engine,w_lamg,,Link CAN-Lambda,real_connector,c2,GND,0462-201-2031,sp_chassis_eng,splice,,,,Black,20,,,sp_chassis_eng,,,
B-engine,B-engine,w_rail_sp_5v_e,,Bulkhead A - engine plug (HDP26-24-47SE-L015),real_connector,2,+5V Out to engine sensors,0462-201-1631,sp_5v_eng,splice,,,,Orange,18,,,sp_5v_eng,bulkhead A (mates cabin half),,
B-engine,B-engine,w_rail_sp_8v_e,,Bulkhead A - engine plug (HDP26-24-47SE-L015),real_connector,4,+8V Out to cam Hall,0462-201-1631,Cam Hall Sensor,real_connector,c1,+8V,(generic),Orange/White,20,bn_bp_1050__bh_a_eng > bn_bp_1020__bp_1050 > bn_bp_990__bp_1020 > bn_bp_960__bp_990 > bn_bp_930__bp_960 > bn_bp_900__bp_930 > bn_bp_900__cam,1550,,bulkhead A (mates cabin half),,
B-engine,B-engine,w_rail_sp_gndout_e,,Bulkhead A - engine plug (HDP26-24-47SE-L015),real_connector,3,Gnd Out to engine sensors,0462-201-1631,sp_gndout_eng,splice,,,,Black/White,20,,,sp_gndout_eng,bulkhead A (mates cabin half),,
B-engine,B-engine,w_rail_sp_sw12_e,,Bulkhead A - engine plug (HDP26-24-47SE-L015),real_connector,5,Switched 12V to engine sensors,0462-201-1631,sp_sw12_eng,splice,,,,Red,18,,,sp_sw12_eng,bulkhead A (mates cabin half),,
B-engine,B-engine,w_strl,,K6-c4,reference_only,1,"Dummy - real part on the owning drawing, 6.15",,Starter Solenoid Trigger (S),terminal,,,,Red,12,bn_bp_1020__dm_k_str_c4 > bn_bp_990__bp_1020 > bn_bp_990__starter_trigger,1690,,cavity on ECU-Cabin,,
B-engine,B-engine,w_vss_12v,,sp_sw12_eng,splice,,,,"Gearbox VSS (3-wire, Toyota) - actual road speed",real_connector,1,+12V switched,8100-0461,Red,20,,,sp_sw12_eng,,,
B-engine,B-engine,w_vss_gnd,,"Gearbox VSS (3-wire, Toyota) - actual road speed",real_connector,2,Ground,8100-0461,sp_gndout_eng,splice,,,,Black,20,,,sp_gndout_eng,,,
B-engine,B-engine,w_vss_sig_e,,"Gearbox VSS (3-wire, Toyota) - actual road speed",real_connector,3,Gearbox VSS signal -> bulkhead B c15 *,8100-0461,Bulkhead B - engine plug (HDP26-24-21SN),real_connector,15,"Gearbox VSS signal (ECU B29, DI 8)",0462-201-1631,Green,20,bn_bp_930__vss > bn_bp_900__bp_930 > bn_bp_870__bp_900 > bn_bp_840__bp_870 > bn_bp_810__bp_840 > bn_bh_b_eng__bp_810,1380,,bulkhead B (mates cabin half),,
CAN,CAN,wc_h_bh,,sp_canh,splice,,,,Bulkhead A - firewall (HDP24-24-47PE-L017),real_connector,30,CAN H to Lambda,0460-202-2031,White,20,,,sp_canh,bulkhead A (mates engine half),,
CAN,CAN,wc_h_clu,,sp_canh,splice,,,,TrackCluster ESP32-P4 - CAN drop *,terminal,,,,White,20,,,sp_canh,,,
CAN,CAN,wc_h_csb,,sp_canh,splice,,,,ECUMaster CSB3 *,reference_only,5,CAN H,,White,20,,,sp_canh,cavity on ECU-Cabin,,
CAN,CAN,wc_h_ecu,,ECU Comms/Tuning Port,real_connector,C3,CAN 1 High (White),0462-201-2031,sp_canh,splice,,,,White,20,,,sp_canh,,,
CAN,CAN,wc_h_lam,,Bulkhead A - engine plug (HDP26-24-47SE-L015),real_connector,30,CAN H to Lambda,0462-201-2031,sp_canh_lam,splice,,,,White,20,,,sp_canh_lam,bulkhead A (mates cabin half),,
CAN,CAN,wc_h_lam_pin,,sp_canh_lam,splice,,,,Link CAN-Lambda,real_connector,c4,CAN H,0462-201-2031,White,20,,,sp_canh_lam,,,
CAN,CAN,wc_h_rd,,sp_canh,splice,,,,RealDash Pi 5 - CAN drop *,terminal,,,,White,20,,,sp_canh,,,
CAN,CAN,wc_l_bh,,sp_canl,splice,,,,Bulkhead A - firewall (HDP24-24-47PE-L017),real_connector,31,CAN L to Lambda,0460-202-2031,Green,20,,,sp_canl,bulkhead A (mates engine half),,
CAN,CAN,wc_l_clu,,sp_canl,splice,,,,TrackCluster ESP32-P4 - CAN drop *,terminal,,,,Green,20,,,sp_canl,,,
CAN,CAN,wc_l_csb,,sp_canl,splice,,,,ECUMaster CSB3 *,reference_only,6,CAN L,,Green,20,,,sp_canl,cavity on ECU-Cabin,,
CAN,CAN,wc_l_ecu,,ECU Comms/Tuning Port,real_connector,C4,CAN 1 Low (Green),0462-201-2031,sp_canl,splice,,,,Green,20,,,sp_canl,,,
CAN,CAN,wc_l_lam,,Bulkhead A - engine plug (HDP26-24-47SE-L015),real_connector,31,CAN L to Lambda,0462-201-2031,sp_canl_lam,splice,,,,Green,20,,,sp_canl_lam,bulkhead A (mates cabin half),,
CAN,CAN,wc_l_lam_pin,,sp_canl_lam,splice,,,,Link CAN-Lambda,real_connector,c3,CAN L,0462-201-2031,Green,20,,,sp_canl_lam,,,
CAN,CAN,wc_l_rd,,sp_canl,splice,,,,RealDash Pi 5 - CAN drop *,terminal,,,,Green,20,,,sp_canl,,,
CAN,CAN,wc_term1,,r_term_ecu,resistor,,,,sp_canh,splice,,,,White,20,,,sp_canh,,,
CAN,CAN,wc_term2,,r_term_ecu,resistor,,,,sp_canl,splice,,,,Green,20,,,sp_canl,,,
CAN,CAN,wc_term3,,r_term_end,resistor,,,,sp_canh_lam,splice,,,,White,20,,,sp_canh_lam,,,
CAN,CAN,wc_term4,,r_term_end,resistor,,,,sp_canl_lam,splice,,,,Green,20,,,sp_canl_lam,,,
ClusterLED,ClusterLED,w_chg_a,,sp_led_12v,splice,,,,d_chg,?,,,,Black/Orange,20,,,sp_led_12v,,,
ClusterLED,ClusterLED,w_chg_ex_a,,sp_led_12v,splice,,,,r_chg_excite,resistor,,,,Black,20,,,sp_led_12v,,,
ClusterLED,ClusterLED,w_chg_ex_k,,r_chg_excite,resistor,,,,EWD p.52 C12-8 Y Alt L - charge-lamp drive - solder sleeve into the factory lead at the combination meter,oem_flying_lead,,,,Yellow,20,,,,,EWD p.52 C12-8 Y,
ClusterLED,ClusterLED,w_chg_k,,d_chg,?,,,,EWD p.52 C12-8 Y Alt L - charge-lamp drive - solder sleeve into the factory lead at the combination meter,oem_flying_lead,,,,Yellow,20,,,,,EWD p.52 C12-8 Y,
ClusterLED,ClusterLED,w_hb_a,,EWD TBD C11-12 R-L High beam - body residual feed - solder sleeve into the factory lead at the combination meter,oem_flying_lead,,,,d_hb,?,,,,Red,20,,,,,EWD TBD - page not recorded in this repo yet C11-12 R-L,
ClusterLED,ClusterLED,w_hb_k,,d_hb,?,,,,sp_led_gnd,splice,,,,Black,20,,,sp_led_gnd,,,
ClusterLED,ClusterLED,w_ig_tap,,EWD p.52 C12-9 B-O IG +12 - feeds every LED anode and the charge excite resistor - solder sleeve into the factory lead at the combination meter,oem_flying_lead,,,,sp_led_12v,splice,,,,Black/Orange,20,,,sp_led_12v,,EWD p.52 C12-9 B-O,
ClusterLED,ClusterLED,w_led_gnd_out,,sp_led_gnd,splice,,,,"LED common return - OEM ground ID, left kick panel (M6, assumed)",terminal,,,,Black,20,,,sp_led_gnd,,,
ClusterLED,ClusterLED,w_oil_a,,sp_led_12v,splice,,,,d_oil,?,,,,Red,20,,,sp_led_12v,,,
ClusterLED,ClusterLED,w_oil_k,,d_oil,?,,,,CSB3-c26 (L4),reference_only,1,"ECUMaster CSB3 L4 low-side - oil pressure LED sink, CAN 0x643 *",,White,20,,,,cavity on ECU-Cabin,,
ClusterLED,ClusterLED,w_pk_a,,sp_led_12v,splice,,,,d_pk,?,,,,Red,20,,,sp_led_12v,,,
ClusterLED,ClusterLED,w_pk_k,,d_pk,?,,,,EWD TBD C12-1 R-G Park brake - grounds via OEM P1 / B2 - solder sleeve into the factory lead at the combination meter,oem_flying_lead,,,,Red/Green,20,,,,,EWD TBD - page not recorded in this repo yet C12-1 R-G,
ClusterLED,ClusterLED,w_tl_a,,EWD TBD C11-2 G-B Turn L - flasher LH stub - solder sleeve into the factory lead at the combination meter,oem_flying_lead,,,,d_tl,?,,,,Green,20,,,,,EWD TBD - page not recorded in this repo yet C11-2 G-B,
ClusterLED,ClusterLED,w_tl_k,,d_tl,?,,,,sp_led_gnd,splice,,,,Black,20,,,sp_led_gnd,,,
ClusterLED,ClusterLED,w_tr_a,,EWD TBD C11-11 G-Y Turn R - flasher RH stub - solder sleeve into the factory lead at the combination meter,oem_flying_lead,,,,d_tr,?,,,,Green,20,,,,,EWD TBD - page not recorded in this repo yet C11-11 G-Y,
ClusterLED,ClusterLED,w_tr_k,,d_tr,?,,,,sp_led_gnd,splice,,,,Black,20,,,sp_led_gnd,,,
ECU-Cabin,ECU-Cabin,cab_fspur_5v,cab_fspur,WS FRONT spur - 6-way inline mate (IX_WS_FRONT),inline_interface,1,+5V - VRC front supply (ECU sensor +5V),0462-201-1631,sp_5v,splice,,,,Orange,20,,,sp_5v,IX_WS_FRONT -> WheelSpeed-Front,,
ECU-Cabin,ECU-Cabin,cab_fspur_fr_sh,cab_fspur_fr,WS FRONT spur - 6-way inline mate (IX_WS_FRONT),inline_interface,6,"Screen drain, FR cable -> SHIELD_B (B17)",0462-201-1631,sp_shield_b,splice,,,,Shield,20,,,sp_shield_b,IX_WS_FRONT -> WheelSpeed-Front,,
ECU-Cabin,ECU-Cabin,cab_fspur_gnd,cab_fspur,WS FRONT spur - 6-way inline mate (IX_WS_FRONT),inline_interface,2,Gnd Out - VRC front ground,0462-201-1631,sp_gndout,splice,,,,Black,20,,,sp_gndout,IX_WS_FRONT -> WheelSpeed-Front,,
ECU-Cabin,ECU-Cabin,cab_fspur_l,cab_fspur,WS FRONT spur - 6-way inline mate (IX_WS_FRONT),inline_interface,3,FL conditioned out -> ECU-A A23 (DI 3),0462-201-1631,ECU-A,real_connector,A23,DI 3 (WSS FL),3-1447221-4,Blue,20,bn_bp_1020__ix_ws_front_p > bn_ecu_a__bp_1020,330,,IX_WS_FRONT -> WheelSpeed-Front,,
ECU-Cabin,ECU-Cabin,cab_fspur_r,cab_fspur_fr,WS FRONT spur - 6-way inline mate (IX_WS_FRONT),inline_interface,4,FR conditioned out -> ECU-B B21 (DI 4),0462-201-1631,ECU-B,real_connector,B21,DI 4 (WSS FR),3-1447221-4,Violet,20,bn_bp_1020__ix_ws_front_p > bn_bp_1020__ecu_b,390,,IX_WS_FRONT -> WheelSpeed-Front,,
ECU-Cabin,ECU-Cabin,cab_fspur_sh,cab_fspur,WS FRONT spur - 6-way inline mate (IX_WS_FRONT),inline_interface,5,"Screen drain, FL/supply cable -> SHIELD_A (A7)",0462-201-1631,sp_shield_a,splice,,,,Shield,20,,,sp_shield_a,IX_WS_FRONT -> WheelSpeed-Front,,
ECU-Cabin,ECU-Cabin,cab_rspur_5v,cab_rspur,WS REAR spur - 6-way inline mate (IX_WS_REAR),inline_interface,1,+5V - VRC rear supply (ECU sensor +5V),0462-201-1631,sp_5v,splice,,,,Orange,20,,,sp_5v,IX_WS_REAR -> WheelSpeed-Rear,,
ECU-Cabin,ECU-Cabin,cab_rspur_gnd,cab_rspur,WS REAR spur - 6-way inline mate (IX_WS_REAR),inline_interface,2,Gnd Out - VRC rear ground,0462-201-1631,sp_gndout,splice,,,,Black,20,,,sp_gndout,IX_WS_REAR -> WheelSpeed-Rear,,
ECU-Cabin,ECU-Cabin,cab_rspur_l,cab_rspur,WS REAR spur - 6-way inline mate (IX_WS_REAR),inline_interface,3,RL conditioned out -> ECU-B B20 (DI 5),0462-201-1631,ECU-B,real_connector,B20,DI 5 (WSS RL),3-1447221-4,Blue,20,bn_bp_1020__ix_ws_rear_p > bn_bp_1020__ecu_b,390,,IX_WS_REAR -> WheelSpeed-Rear,,
ECU-Cabin,ECU-Cabin,cab_rspur_r,cab_rspur,WS REAR spur - 6-way inline mate (IX_WS_REAR),inline_interface,4,RR conditioned out -> ECU-B B19 (DI 6),0462-201-1631,ECU-B,real_connector,B19,DI 6 (WSS RR),3-1447221-4,Violet,20,bn_bp_1020__ix_ws_rear_p > bn_bp_1020__ecu_b,390,,IX_WS_REAR -> WheelSpeed-Rear,,
ECU-Cabin,ECU-Cabin,cab_rspur_sh,cab_rspur,WS REAR spur - 6-way inline mate (IX_WS_REAR),inline_interface,5,Screen drain -> SHIELD_B (B17),0462-201-1631,sp_shield_b,splice,,,,Shield,20,,,sp_shield_b,IX_WS_REAR -> WheelSpeed-Rear,,
ECU-Cabin,ECU-Cabin,w103_c,,ECU-A,real_connector,A21,Aux 1 (Boost),3-1447221-4,Bulkhead A - firewall (HDP24-24-47PE-L017),real_connector,23,ECU-A A21,0460-202-2031,Pink,20,b_bn_bp_960__ecu_a > b_bn_bp_930__bp_960 > b_bn_bp_900__bp_930 > b_bn_bp_870__bp_900 > b_bn_bp_840__bp_870 > b_bn_bp_840__bh_a_fw,410,,bulkhead A (mates engine half),,
ECU-Cabin,ECU-Cabin,w108_c,,ECU-A,real_connector,A4,Inj 1,3-1447221-4,Bulkhead A - firewall (HDP24-24-47PE-L017),real_connector,13,ECU-A A4,0460-202-2031,Brown,20,b_bn_bp_960__ecu_a > b_bn_bp_930__bp_960 > b_bn_bp_900__bp_930 > b_bn_bp_870__bp_900 > b_bn_bp_840__bp_870 > b_bn_bp_840__bh_a_fw,410,,bulkhead A (mates engine half),,
ECU-Cabin,ECU-Cabin,w109_c,,ECU-A,real_connector,A3,Inj 2,3-1447221-4,Bulkhead A - firewall (HDP24-24-47PE-L017),real_connector,14,ECU-A A3,0460-202-2031,Brown,20,b_bn_bp_960__ecu_a > b_bn_bp_930__bp_960 > b_bn_bp_900__bp_930 > b_bn_bp_870__bp_900 > b_bn_bp_840__bp_870 > b_bn_bp_840__bh_a_fw,410,,bulkhead A (mates engine half),,
ECU-Cabin,ECU-Cabin,w110_c,,ECU-A,real_connector,A2,Inj 3,3-1447221-4,Bulkhead A - firewall (HDP24-24-47PE-L017),real_connector,15,ECU-A A2,0460-202-2031,Brown,20,b_bn_bp_960__ecu_a > b_bn_bp_930__bp_960 > b_bn_bp_900__bp_930 > b_bn_bp_870__bp_900 > b_bn_bp_840__bp_870 > b_bn_bp_840__bh_a_fw,410,,bulkhead A (mates engine half),,
ECU-Cabin,ECU-Cabin,w111_c,,ECU-A,real_connector,A1,Inj 4,3-1447221-4,Bulkhead A - firewall (HDP24-24-47PE-L017),real_connector,16,ECU-A A1,0460-202-2031,Brown,20,b_bn_bp_960__ecu_a > b_bn_bp_930__bp_960 > b_bn_bp_900__bp_930 > b_bn_bp_870__bp_900 > b_bn_bp_840__bp_870 > b_bn_bp_840__bh_a_fw,410,,bulkhead A (mates engine half),,
ECU-Cabin,ECU-Cabin,w120_c,,ECU-A,real_connector,A13,Ign 1,3-1447221-4,Bulkhead A - firewall (HDP24-24-47PE-L017),real_connector,17,ECU-A A13,0460-202-2031,Violet,20,b_bn_bp_960__ecu_a > b_bn_bp_930__bp_960 > b_bn_bp_900__bp_930 > b_bn_bp_870__bp_900 > b_bn_bp_840__bp_870 > b_bn_bp_840__bh_a_fw,410,,bulkhead A (mates engine half),,
ECU-Cabin,ECU-Cabin,w121_c,,ECU-A,real_connector,A12,Ign 2,3-1447221-4,Bulkhead A - firewall (HDP24-24-47PE-L017),real_connector,18,ECU-A A12,0460-202-2031,Violet,20,b_bn_bp_960__ecu_a > b_bn_bp_930__bp_960 > b_bn_bp_900__bp_930 > b_bn_bp_870__bp_900 > b_bn_bp_840__bp_870 > b_bn_bp_840__bh_a_fw,410,,bulkhead A (mates engine half),,
ECU-Cabin,ECU-Cabin,w122_c,,ECU-A,real_connector,A11,Ign 3,3-1447221-4,Bulkhead A - firewall (HDP24-24-47PE-L017),real_connector,19,ECU-A A11,0460-202-2031,Violet,20,b_bn_bp_960__ecu_a > b_bn_bp_930__bp_960 > b_bn_bp_900__bp_930 > b_bn_bp_870__bp_900 > b_bn_bp_840__bp_870 > b_bn_bp_840__bh_a_fw,410,,bulkhead A (mates engine half),,
ECU-Cabin,ECU-Cabin,w123_c,,ECU-A,real_connector,A10,Ign 4,3-1447221-4,Bulkhead A - firewall (HDP24-24-47PE-L017),real_connector,20,ECU-A A10,0460-202-2031,Violet,20,b_bn_bp_960__ecu_a > b_bn_bp_930__bp_960 > b_bn_bp_900__bp_930 > b_bn_bp_870__bp_900 > b_bn_bp_840__bp_870 > b_bn_bp_840__bh_a_fw,410,,bulkhead A (mates engine half),,
ECU-Cabin,ECU-Cabin,w124_c,,ECU-B,real_connector,B18,Aux 9 (ETB M+),3-1447221-3,Bulkhead B - firewall (HDP24-24-21PN),real_connector,5,"ETB motor + (Aux 9, B18)",0460-202-1631,Pink,18,bn_bp_1020__ecu_b > bn_ecu_a__bp_1020 > b_bn_bp_960__ecu_a > b_bn_bp_930__bp_960 > b_bn_bp_900__bp_930 > b_bn_bp_870__bp_900 > b_bn_bp_870__bh_b_fw,460,,bulkhead B (mates engine half),,
ECU-Cabin,ECU-Cabin,w128_c,,ECU-A,real_connector,A22,An Volt 2 (TPS-M),3-1447221-4,Bulkhead A - firewall (HDP24-24-47PE-L017),real_connector,21,ECU-A A22,0460-202-2031,White,20,b_bn_bp_960__ecu_a > b_bn_bp_930__bp_960 > b_bn_bp_900__bp_930 > b_bn_bp_870__bp_900 > b_bn_bp_840__bp_870 > b_bn_bp_840__bh_a_fw,410,,bulkhead A (mates engine half),,
ECU-Cabin,ECU-Cabin,w129_c,,ECU-A,real_connector,A33,An Volt 3 (TPS-S),3-1447221-4,Bulkhead A - firewall (HDP24-24-47PE-L017),real_connector,22,ECU-A A33,0460-202-2031,White,20,b_bn_bp_960__ecu_a > b_bn_bp_930__bp_960 > b_bn_bp_900__bp_930 > b_bn_bp_870__bp_900 > b_bn_bp_840__bp_870 > b_bn_bp_840__bh_a_fw,410,,bulkhead A (mates engine half),,
ECU-Cabin,ECU-Cabin,w12_c,,Bulkhead B - firewall (HDP24-24-21PN),real_connector,17,Knock 1 SIG- (to Gnd Out B22),0460-202-1631,sp_gndout,splice,,,,Black,20,,,sp_gndout,bulkhead B (mates engine half),,
ECU-Cabin,ECU-Cabin,w16_c,,ECU-A,real_connector,A30,DI 1 (Turbo Spd),3-1447221-4,Bulkhead A - firewall (HDP24-24-47PE-L017),real_connector,7,ECU-A A30,0460-202-2031,Green,20,b_bn_bp_960__ecu_a > b_bn_bp_930__bp_960 > b_bn_bp_900__bp_930 > b_bn_bp_870__bp_900 > b_bn_bp_840__bp_870 > b_bn_bp_840__bh_a_fw,410,,bulkhead A (mates engine half),,
ECU-Cabin,ECU-Cabin,w19,,sp_8v,splice,,,,ECU-A,real_connector,A6,+8V Out,3-1447221-4,Orange/White,20,,,sp_8v,,,
ECU-Cabin,ECU-Cabin,w200_c,,ECU-A,real_connector,A8,Trig 1,3-1447221-4,Bulkhead A - firewall (HDP24-24-47PE-L017),real_connector,24,ECU-A A8,0460-202-2031,Blue,20,b_bn_bp_960__ecu_a > b_bn_bp_930__bp_960 > b_bn_bp_900__bp_930 > b_bn_bp_870__bp_900 > b_bn_bp_840__bp_870 > b_bn_bp_840__bh_a_fw,410,,bulkhead A (mates engine half),,
ECU-Cabin,ECU-Cabin,w201_c,,ECU-A,real_connector,A15,Temp 1 (ECT),3-1447221-4,Bulkhead A - firewall (HDP24-24-47PE-L017),real_connector,25,ECU-A A15,0460-202-2031,Yellow,20,b_bn_bp_960__ecu_a > b_bn_bp_930__bp_960 > b_bn_bp_900__bp_930 > b_bn_bp_870__bp_900 > b_bn_bp_840__bp_870 > b_bn_bp_840__bh_a_fw,410,,bulkhead A (mates engine half),,
ECU-Cabin,ECU-Cabin,w202_c,,ECU-A,real_connector,A16,Temp 2 (IAT),3-1447221-4,Bulkhead A - firewall (HDP24-24-47PE-L017),real_connector,26,ECU-A A16,0460-202-2031,Yellow,20,b_bn_bp_960__ecu_a > b_bn_bp_930__bp_960 > b_bn_bp_900__bp_930 > b_bn_bp_870__bp_900 > b_bn_bp_840__bp_870 > b_bn_bp_840__bh_a_fw,410,,bulkhead A (mates engine half),,
ECU-Cabin,ECU-Cabin,w203_c,,ECU-B,real_connector,B6,Temp 3 (Oil T),3-1447221-4,Bulkhead B - firewall (HDP24-24-21PN),real_connector,10,ECU-B B6,0460-202-1631,Yellow,20,bn_bp_1020__ecu_b > bn_ecu_a__bp_1020 > b_bn_bp_960__ecu_a > b_bn_bp_930__bp_960 > b_bn_bp_900__bp_930 > b_bn_bp_870__bp_900 > b_bn_bp_870__bh_b_fw,460,,bulkhead B (mates engine half),,
ECU-Cabin,ECU-Cabin,w204_c,,ECU-B,real_connector,B7,Temp 4 (Chg IAT),3-1447221-4,Bulkhead B - firewall (HDP24-24-21PN),real_connector,11,ECU-B B7,0460-202-1631,Yellow,20,bn_bp_1020__ecu_b > bn_ecu_a__bp_1020 > b_bn_bp_960__ecu_a > b_bn_bp_930__bp_960 > b_bn_bp_900__bp_930 > b_bn_bp_870__bp_900 > b_bn_bp_870__bh_b_fw,460,,bulkhead B (mates engine half),,
ECU-Cabin,ECU-Cabin,w205_c,,ECU-B,real_connector,B9,Knock 1,3-1447221-4,Bulkhead B - firewall (HDP24-24-21PN),real_connector,16,Knock 1 SIG+ (ECU B9),0460-202-1631,Gray,20,bn_bp_1020__ecu_b > bn_ecu_a__bp_1020 > b_bn_bp_960__ecu_a > b_bn_bp_930__bp_960 > b_bn_bp_900__bp_930 > b_bn_bp_870__bp_900 > b_bn_bp_870__bh_b_fw,460,,bulkhead B (mates engine half),,
ECU-Cabin,ECU-Cabin,w210,,BRZ e-throttle pedal (APS),real_connector,1,VC2 +5V (sub),(generic),sp_5v,splice,,,,Orange,20,,,sp_5v,,,
ECU-Cabin,ECU-Cabin,w215_c,,ECU-B,real_connector,B26,Aux 10 (ETB M-),3-1447221-3,Bulkhead B - firewall (HDP24-24-21PN),real_connector,6,"ETB motor - (Aux 10, B26)",0460-202-1631,Pink,18,bn_bp_1020__ecu_b > bn_ecu_a__bp_1020 > b_bn_bp_960__ecu_a > b_bn_bp_930__bp_960 > b_bn_bp_900__bp_930 > b_bn_bp_870__bp_900 > b_bn_bp_870__bh_b_fw,460,,bulkhead B (mates engine half),,
ECU-Cabin,ECU-Cabin,w26_c,,ECU-A,real_connector,A17,An Volt 1 (MAP),3-1447221-4,Bulkhead A - firewall (HDP24-24-47PE-L017),real_connector,8,ECU-A A17,0460-202-2031,White,20,b_bn_bp_960__ecu_a > b_bn_bp_930__bp_960 > b_bn_bp_900__bp_930 > b_bn_bp_870__bp_900 > b_bn_bp_840__bp_870 > b_bn_bp_840__bh_a_fw,410,,bulkhead A (mates engine half),,
ECU-Cabin,ECU-Cabin,w29_c,,ECU-B,real_connector,B15,An Volt 6 (Oil P),3-1447221-4,Bulkhead B - firewall (HDP24-24-21PN),real_connector,7,ECU-B B15,0460-202-1631,White,20,bn_bp_1020__ecu_b > bn_ecu_a__bp_1020 > b_bn_bp_960__ecu_a > b_bn_bp_930__bp_960 > b_bn_bp_900__bp_930 > b_bn_bp_870__bp_900 > b_bn_bp_870__bh_b_fw,460,,bulkhead B (mates engine half),,
ECU-Cabin,ECU-Cabin,w32_c,,ECU-B,real_connector,B16,An Volt 7 (Fuel P),3-1447221-4,Bulkhead B - firewall (HDP24-24-21PN),real_connector,8,ECU-B B16,0460-202-1631,White,20,bn_bp_1020__ecu_b > bn_ecu_a__bp_1020 > b_bn_bp_960__ecu_a > b_bn_bp_930__bp_960 > b_bn_bp_900__bp_930 > b_bn_bp_870__bp_900 > b_bn_bp_870__bh_b_fw,460,,bulkhead B (mates engine half),,
ECU-Cabin,ECU-Cabin,w35_c,,ECU-B,real_connector,B23,An Volt 8 (Clnt P),3-1447221-4,Bulkhead B - firewall (HDP24-24-21PN),real_connector,9,ECU-B B23,0460-202-1631,White,20,bn_bp_1020__ecu_b > bn_ecu_a__bp_1020 > b_bn_bp_960__ecu_a > b_bn_bp_930__bp_960 > b_bn_bp_900__bp_930 > b_bn_bp_870__bp_900 > b_bn_bp_870__bh_b_fw,460,,bulkhead B (mates engine half),,
ECU-Cabin,ECU-Cabin,w38,,BRZ e-throttle pedal (APS),real_connector,6,VPA1 APS-M,(generic),ECU-A,real_connector,A14,An Volt 4 (APS-M),3-1447221-4,White,20,bn_bp_960__aps > bn_bp_960__ecu_a,1050,,,,
ECU-Cabin,ECU-Cabin,w39,,BRZ e-throttle pedal (APS),real_connector,3,VPA2 APS-S,(generic),ECU-B,real_connector,B33,An Volt 5 (APS-S),3-1447221-4,White,20,bn_bp_960__aps > bn_bp_960__ecu_a > bn_ecu_a__bp_1020 > bn_bp_1020__ecu_b,1170,,,,
ECU-Cabin,ECU-Cabin,w40,,BRZ e-throttle pedal (APS),real_connector,5,GND1 (main),(generic),sp_gndout,splice,,,,Black/White,20,,,sp_gndout,,,
ECU-Cabin,ECU-Cabin,w43,,sp_fl_sig,splice,,,,r_fuellvl,resistor,,,,White,20,,,sp_fl_sig,,,
ECU-Cabin,ECU-Cabin,w44,,r_fuellvl,resistor,,,,sp_5v,splice,,,,Orange,20,,,sp_5v,,,
ECU-Cabin,ECU-Cabin,w45,,Fuel level - 2-way inline to Rear Fuel harness (IX_FUEL_LVL),inline_interface,2,Fuel level ground -> Gnd Out,0460-202-1631,sp_gndout,splice,,,,Black/White,20,,,sp_gndout,IX_FUEL_LVL -> RearFuel,,
ECU-Cabin,ECU-Cabin,w48_c,,ECU-A,real_connector,A31,DI 2 (Flex),3-1447221-4,Bulkhead A - firewall (HDP24-24-47PE-L017),real_connector,9,ECU-A A31,0460-202-2031,Green,20,b_bn_bp_960__ecu_a > b_bn_bp_930__bp_960 > b_bn_bp_900__bp_930 > b_bn_bp_870__bp_900 > b_bn_bp_840__bp_870 > b_bn_bp_840__bh_a_fw,410,,bulkhead A (mates engine half),,
ECU-Cabin,ECU-Cabin,w66,,Chassis Ground Point,terminal,,,,sp_chassis,splice,,,,Black,10,,,sp_chassis,,,
ECU-Cabin,ECU-Cabin,w67,,ECU-A,real_connector,A32,+5V Out,3-1447221-4,sp_5v,splice,,,,Orange,20,,,sp_5v,,,
ECU-Cabin,ECU-Cabin,w68,,ECU-A,real_connector,A24,Gnd Out,3-1447221-4,sp_gndout,splice,,,,Black/White,20,,,sp_gndout,,,
ECU-Cabin,ECU-Cabin,w69,,ECU-B,real_connector,B22,Gnd Out,3-1447221-4,sp_gndout,splice,,,,Black/White,20,,,sp_gndout,,,
ECU-Cabin,ECU-Cabin,w70,,ECU-A,real_connector,A25,Ground,3-1447221-3,sp_chassis,splice,,,,Black,18,,,sp_chassis,,,
ECU-Cabin,ECU-Cabin,w76,,EFI Main Relay - ACTIVE-LOW - ECU sinks coil- (85); coil+ (86) permanent 12 V (F12 5 A),real_connector,85,ACTIVE-LOW Coil - -> Aux 6 / A28 - low-side *,42281-1,ECU-A,real_connector,A28,Aux 6 (EFI Hold),3-1447221-3,Pink,18,bn_bp_1050__k_efi > bn_bp_1020__bp_1050 > bn_ecu_a__bp_1020,270,,,,
ECU-Cabin,ECU-Cabin,w77,,EFI Main Relay - ACTIVE-LOW - ECU sinks coil- (85); coil+ (86) permanent 12 V (F12 5 A),real_connector,87,"+12V out -> FB1 SW IN (F9 sensors/coils, F10 COP, F11 injectors)",280756-4,Cabin fuse block (passenger glove box),real_connector,SW IN,Switched bus in - EFI main relay 87,1-1355844-1,Red,10,b_bn_bp_1110__k_efi > b_bn_bp_1080__bp_1110 > b_bn_bp_1065__bp_1080 > b_bn_bp_1050__bp_1065 > b_bn_bp_1050__fusebox,470,,,,
ECU-Cabin,ECU-Cabin,w78,,sp_sw12,splice,,,,ECU-A,real_connector,A5,+14V,3-1447221-3,Red,18,,,sp_sw12,,,
ECU-Cabin,ECU-Cabin,w81,,ETB Power Relay - ACTIVE-LOW - ECU sinks coil- (85); coil+ (86) switched 12 V,real_connector,85,ACTIVE-LOW Coil - -> Aux 2 / A20 *,280919-4,ECU-A,real_connector,A20,Aux 2 (ETB Rly),3-1447221-4,Pink,20,bn_bp_1080__k_etb > bn_bp_1050__bp_1080 > bn_bp_1020__bp_1050 > bn_ecu_a__bp_1020,310,,,,
ECU-Cabin,ECU-Cabin,w82,,ETB Power Relay - ACTIVE-LOW - ECU sinks coil- (85); coil+ (86) switched 12 V,real_connector,87,+12V out -> ECU B5 V-Ethrottle,160927-4,ECU-B,real_connector,B5,V-Ethrottle In,3-1447221-3,Red/White,18,b_bn_bp_1140__k_etb > b_bn_bp_1110__bp_1140 > b_bn_bp_1080__bp_1110 > b_bn_bp_1080__ecu_b,340,,,,
ECU-Cabin,ECU-Cabin,w_a34,,ECU-A,real_connector,A34,Ground,3-1447221-3,sp_chassis,splice,,,,Black,18,,,sp_chassis,,,
ECU-Cabin,ECU-Cabin,w_ac_kill,,ECU-A,real_connector,A18,Aux 4 (AC Kill),3-1447221-4,"EWD p.150 / p.152 A/C amplifier-TBD TBD ACT compressor cancel, ground = kill (ECU A18, Aux 4) - solder sleeve into the factory ACT lead at the amplifier",oem_flying_lead,,,,Pink,20,bn_ecu_a__bp_1020 > bn_bp_1020__bp_1050 > bn_bp_1050__bp_fl_acamp > bn_bp_fl_acamp__fl_acamp_c1,600,,,EWD p.150 / p.152 A/C amplifier-TBD - ACT terminal is not on p.150 or p.152 TBD,
ECU-Cabin,ECU-Cabin,w_accts_rtn_c,,Bulkhead A - firewall (HDP24-24-47PE-L017),real_connector,38,A/C coolant switch return -> A/C amplifier,0460-202-2031,A/C coolant switch - 2-way inline to A/C amplifier spur (IX_AC_CTS),inline_interface,2,A/C coolant switch return -> A/C amplifier,0460-202-1631,Brown,20,bn_bp_840__bh_a_fw > bn_bp_840__bp_870 > bn_bp_870__bp_900 > bn_bp_900__bp_930 > bn_bp_930__bp_960 > bn_bp_960__ecu_a > bn_ecu_a__bp_1020 > bn_bp_1020__bp_1050 > bn_bp_1050__bp_fl_acamp > bn_bp_fl_acamp__ix_accts_r,1110,,bulkhead A (mates engine half); IX_AC_CTS -> ACAmp-Spur,,
ECU-Cabin,ECU-Cabin,w_accts_sig_c,,Bulkhead A - firewall (HDP24-24-47PE-L017),real_connector,37,A/C coolant switch signal -> A/C amplifier TW (not ECU),0460-202-2031,A/C coolant switch - 2-way inline to A/C amplifier spur (IX_AC_CTS),inline_interface,1,A/C coolant switch signal -> A/C amplifier TW (not ECU),0460-202-1631,Yellow,20,bn_bp_840__bh_a_fw > bn_bp_840__bp_870 > bn_bp_870__bp_900 > bn_bp_900__bp_930 > bn_bp_930__bp_960 > bn_bp_960__ecu_a > bn_ecu_a__bp_1020 > bn_bp_1020__bp_1050 > bn_bp_1050__bp_fl_acamp > bn_bp_fl_acamp__ix_accts_r,1110,,bulkhead A (mates engine half); IX_AC_CTS -> ACAmp-Spur,,
ECU-Cabin,ECU-Cabin,w_an2,,EWD TBD Cruise control switch-TBD TBD cruise ladder signal -> sp_cruise_ladder -> CSB3 A2 - solder sleeve into the factory lead,oem_flying_lead,,,,sp_cruise_ladder,splice,,,,White,20,,,sp_cruise_ladder,,EWD TBD - page not recorded in this repo yet Cruise control switch-TBD TBD,
ECU-Cabin,ECU-Cabin,w_aps_gnd2,,BRZ e-throttle pedal (APS),real_connector,2,GND2 (sub),(generic),sp_gndout,splice,,,,Black/White,20,,,sp_gndout,,,
ECU-Cabin,ECU-Cabin,w_aps_vc1,,BRZ e-throttle pedal (APS),real_connector,4,VC1 +5V (main),(generic),sp_5v,splice,,,,Orange,20,,,sp_5v,,,
ECU-Cabin,ECU-Cabin,w_b25,,ECU-B,real_connector,B25,Ground,3-1447221-3,sp_chassis,splice,,,,Black,18,,,sp_chassis,,,
ECU-Cabin,ECU-Cabin,w_b34,,ECU-B,real_connector,B34,Ground,3-1447221-3,sp_chassis,splice,,,,Black,18,,,sp_chassis,,,
ECU-Cabin,ECU-Cabin,w_cam_pullup_8v,,sp_8v,splice,,,,cam_pullup,resistor,,,,Orange/White,20,,,sp_8v,,,
ECU-Cabin,ECU-Cabin,w_cam_pullup_sig,,cam_pullup,resistor,,,,sp_trig2,splice,,,,Blue,20,,,sp_trig2,,,
ECU-Cabin,ECU-Cabin,w_cam_sig_c,,sp_trig2,splice,,,,Bulkhead A - firewall (HDP24-24-47PE-L017),real_connector,29,ECU-A A9,0460-202-2031,Blue,20,,,sp_trig2,bulkhead A (mates engine half),,
ECU-Cabin,ECU-Cabin,w_cop_pwr_c,,Cabin fuse block (passenger glove box),real_connector,F10,20A - SW bus: COP / ignition coil bank,1-1355877-1,Bulkhead B - firewall (HDP24-24-21PN),real_connector,2,Switched 12V - COP / ignition coil power feed *,0460-220-1231,Red,14,b_bn_bp_1050__fusebox > b_bn_bp_1020__bp_1050 > b_bn_ecu_a__bp_1020 > b_bn_bp_960__ecu_a > b_bn_bp_930__bp_960 > b_bn_bp_900__bp_930 > b_bn_bp_870__bp_900 > b_bn_bp_870__bh_b_fw,610,,bulkhead B (mates engine half),,
ECU-Cabin,ECU-Cabin,w_cru_5v,,r_cruise,resistor,,,,sp_5v,splice,,,,Orange,20,,,sp_5v,,,
ECU-Cabin,ECU-Cabin,w_cru_ladder_out,,sp_cruise_ladder,splice,,,,ECUMaster CSB3 - Power/CAN/Switch I/O,real_connector,c8,A2 - Cruise Ladder,0462-201-2031,White,20,,,sp_cruise_ladder,,,
ECU-Cabin,ECU-Cabin,w_cru_sig,,r_cruise,resistor,,,,sp_cruise_ladder,splice,,,,White,20,,,sp_cruise_ladder,,,
ECU-Cabin,ECU-Cabin,w_csb12,,ECUMaster CSB3 - Power/CAN/Switch I/O,real_connector,c1,+12V (ignition switched),0462-201-2031,sp_12v,splice,,,,Red,20,,,sp_12v,,,
ECU-Cabin,ECU-Cabin,w_csbg,,ECUMaster CSB3 - Power/CAN/Switch I/O,real_connector,c2,GND,0462-201-2031,sp_chassis,splice,,,,Black,20,,,sp_chassis,,,
ECU-Cabin,ECU-Cabin,w_drain_ecu_a,,sp_shield_a,splice,,,,ECU-A,real_connector,A7,Shield/Gnd,3-1447221-4,Green/Yellow,20,,,sp_shield_a,,,
ECU-Cabin,ECU-Cabin,w_drain_ecu_b,,sp_shield_b,splice,,,,ECU-B,real_connector,B17,Shield/Gnd,3-1447221-4,Green/Yellow,20,,,sp_shield_b,,,
ECU-Cabin,ECU-Cabin,w_fan285,,"Condenser Fan Relay (on/off, diode) - ACTIVE-LOW - ECU sinks coil- (85); coil+ (86) switched 12 V",real_connector,85,ACTIVE-LOW Coil - -> Ign 5 / B13 - low-side *,42281-1,ECU-B,real_connector,B13,Ign 5 (2nd Fan),3-1447221-3,Violet,18,b_bn_bp_1260__k_fan2 > b_bn_bp_1230__bp_1260 > b_bn_bp_1200__bp_1230 > b_bn_bp_1170__bp_1200 > b_bn_bp_1140__bp_1170 > b_bn_bp_1110__bp_1140 > b_bn_bp_1080__bp_1110 > b_bn_bp_1080__ecu_b,550,,,,
ECU-Cabin,ECU-Cabin,w_fan85,,Radiator Fan Relay (on/off) - ACTIVE-LOW - ECU sinks coil- (85); coil+ (86) switched 12 V,real_connector,85,ACTIVE-LOW Coil - -> Aux 5 / A29 - low-side,42281-1,ECU-A,real_connector,A29,Aux 5 (Rad Fan),3-1447221-3,Pink,18,bn_bp_1170__k_fan > bn_bp_1140__bp_1170 > bn_bp_1110__bp_1140 > bn_bp_1080__bp_1110 > bn_bp_1050__bp_1080 > bn_bp_1020__bp_1050 > bn_ecu_a__bp_1020,470,,,,
ECU-Cabin,ECU-Cabin,w_fb_ecu,,Cabin fuse block (passenger glove box),real_connector,F8,10A - ECU permanent +12V,1-1355877-1,sp_12v,splice,,,,Red,18,,,sp_12v,,,
ECU-Cabin,ECU-Cabin,w_fb_in,,Battery/Ignition +12V Source,terminal,,,,High-current fuse block HCFB (glove box),real_connector,IN,Battery feed in from PDB stud (M8),GENERIC LUG M8 4AWG,Red,4,b_bn_bp_930__batt_ring > b_bn_bp_930__bp_960 > b_bn_bp_960__ecu_a > b_bn_ecu_a__bp_1020 > b_bn_bp_1020__bp_1050 > b_bn_bp_1050__bp_1065 > b_bn_bp_1065__hcfb,710,,,,
ECU-Cabin,ECU-Cabin,w_fb_k_efi_30,,Cabin fuse block (passenger glove box),real_connector,F1,30A - EFI main relay 30,1-1355880-1,EFI Main Relay - ACTIVE-LOW - ECU sinks coil- (85); coil+ (86) permanent 12 V (F12 5 A),real_connector,30,Fused +12V in (F1 30A),280756-4,Red,12,b_bn_bp_1050__fusebox > b_bn_bp_1050__bp_1065 > b_bn_bp_1065__bp_1080 > b_bn_bp_1080__bp_1110 > b_bn_bp_1110__k_efi,470,,,,
ECU-Cabin,ECU-Cabin,w_fb_k_etb_30,,Cabin fuse block (passenger glove box),real_connector,F3,10A - ETB power relay 30,1-1355877-1,ETB Power Relay - ACTIVE-LOW - ECU sinks coil- (85); coil+ (86) switched 12 V,real_connector,30,Fused +12V in (F3 10A),160927-4,Red,16,b_bn_bp_1050__fusebox > b_bn_bp_1050__bp_1065 > b_bn_bp_1065__bp_1080 > b_bn_bp_1080__bp_1110 > b_bn_bp_1110__bp_1140 > b_bn_bp_1140__k_etb,530,,,,
ECU-Cabin,ECU-Cabin,w_fb_k_fan2_30,,High-current fuse block HCFB (glove box),real_connector,H3,30A AMI - condenser fan relay 30,GENERIC RING M5 10-8,"Condenser Fan Relay (on/off, diode) - ACTIVE-LOW - ECU sinks coil- (85); coil+ (86) switched 12 V",real_connector,30,Fused +12V in (HCFB H3 30A),280755-4,Red,8,b_bn_bp_1065__hcfb > b_bn_bp_1065__bp_1080 > b_bn_bp_1080__bp_1110 > b_bn_bp_1110__bp_1140 > b_bn_bp_1140__bp_1170 > b_bn_bp_1170__bp_1200 > b_bn_bp_1200__bp_1230 > b_bn_bp_1230__bp_1260 > b_bn_bp_1260__k_fan2,760,,,,
ECU-Cabin,ECU-Cabin,w_fb_k_fan_30,,High-current fuse block HCFB (glove box),real_connector,H2,40A AMI - radiator fan relay 30,GENERIC RING M5 10-8,Radiator Fan Relay (on/off) - ACTIVE-LOW - ECU sinks coil- (85); coil+ (86) switched 12 V,real_connector,30,Fused +12V in (HCFB H2 40A),280755-4,Red,8,b_bn_bp_1065__hcfb > b_bn_bp_1065__bp_1080 > b_bn_bp_1080__bp_1110 > b_bn_bp_1110__bp_1140 > b_bn_bp_1140__bp_1170 > b_bn_bp_1170__bp_1200 > b_bn_bp_1200__bp_1230 > b_bn_bp_1230__k_fan,710,,,,
ECU-Cabin,ECU-Cabin,w_fb_k_fp_30,,Cabin fuse block (passenger glove box),real_connector,F2,25A - fuel pump relay 30,1-1355880-1,Fuel Pump Relay - ACTIVE-LOW - ECU sinks coil- (85); coil+ (86) switched 12 V,real_connector,30,Fused +12V in (F2 25A),280756-4,Red,12,b_bn_bp_1050__fusebox > b_bn_bp_1050__bp_1065 > b_bn_bp_1065__bp_1080 > b_bn_bp_1080__bp_1110 > b_bn_bp_1110__bp_1140 > b_bn_bp_1140__bp_1170 > b_bn_bp_1170__k_fp,580,,,,
ECU-Cabin,ECU-Cabin,w_fb_k_str_30,,Cabin fuse block (passenger glove box),real_connector,F4,30A - start relay 30,1-1355880-1,Start Relay - ACTIVE-LOW - ECU sinks coil- (85); coil+ (86) switched 12 V,real_connector,30,Fused +12V in (F4 30A),280756-4,Red,12,b_bn_bp_1050__fusebox > b_bn_bp_1050__bp_1065 > b_bn_bp_1065__bp_1080 > b_bn_bp_1080__bp_1110 > b_bn_bp_1110__bp_1140 > b_bn_bp_1140__bp_1170 > b_bn_bp_1170__bp_1200 > b_bn_bp_1200__k_str,640,,,,
ECU-Cabin,ECU-Cabin,w_fb_mrs_en,,Cabin fuse block (passenger glove box),real_connector,F13,7.5A - MRS EPS pump logic enable *,1-1355833-1,Bulkhead B - firewall (HDP24-24-21PN),real_connector,14,MRS EPS pump logic enable *,0460-202-1631,Red,20,b_bn_bp_1050__fusebox > b_bn_bp_1020__bp_1050 > b_bn_ecu_a__bp_1020 > b_bn_bp_960__ecu_a > b_bn_bp_930__bp_960 > b_bn_bp_900__bp_930 > b_bn_bp_870__bp_900 > b_bn_bp_870__bh_b_fw,610,,bulkhead B (mates engine half),,
ECU-Cabin,ECU-Cabin,w_fb_sw12,,Cabin fuse block (passenger glove box),real_connector,F9,"10A - SW bus: switched 12V sensor rail, ECU +14V, relay coils",1-1355877-1,sp_sw12,splice,,,,Red,18,,,sp_sw12,,,
ECU-Cabin,ECU-Cabin,w_fl_sig,,Fuel level - 2-way inline to Rear Fuel harness (IX_FUEL_LVL),inline_interface,1,Fuel level signal -> ECU-B B24 (pull-up at sp_fl_sig),0460-202-1631,sp_fl_sig,splice,,,,White,20,,,sp_fl_sig,IX_FUEL_LVL -> RearFuel,,
ECU-Cabin,ECU-Cabin,w_fl_sig_pin,,sp_fl_sig,splice,,,,ECU-B,real_connector,B24,An Volt 9 (Fuel Lvl),3-1447221-4,White,20,,,sp_fl_sig,,,
ECU-Cabin,ECU-Cabin,w_fp85,,Fuel Pump Relay - ACTIVE-LOW - ECU sinks coil- (85); coil+ (86) switched 12 V,real_connector,85,ACTIVE-LOW Coil - -> Aux 3 / A19 *,42281-1,ECU-A,real_connector,A19,Aux 3 (FP Rly),3-1447221-3,Pink,18,bn_bp_1110__k_fp > bn_bp_1080__bp_1110 > bn_bp_1050__bp_1080 > bn_bp_1020__bp_1050 > bn_ecu_a__bp_1020,360,,,,
ECU-Cabin,ECU-Cabin,w_fpg,,Fuel Pump,real_connector,c2,GND,(generic),Trunk chassis ground stud - fuel pump return (plan 6.41; M6 assumed),terminal,,,,Black,12,b_bn_bp_2100__fuelpump > b_bn_bp_2100__bp_2130 > b_bn_bp_2130__bp_2190 > b_bn_bp_2190__t_trunk_fp_gnd,770,,,,
ECU-Cabin,ECU-Cabin,w_fpump,,Fuel Pump Relay - ACTIVE-LOW - ECU sinks coil- (85); coil+ (86) switched 12 V,real_connector,87,+12V out -> fuel pump,280756-4,Fuel Pump,real_connector,c1,12V,(generic),Red,12,b_bn_bp_1170__k_fp > b_bn_bp_1170__bp_1200 > b_bn_bp_1200__bp_1230 > b_bn_bp_1230__bp_1260 > b_bn_bp_1260__bp_2100 > b_bn_bp_2100__fuelpump,2650,,,,
ECU-Cabin,ECU-Cabin,w_hc_fb,,High-current fuse block HCFB (glove box),real_connector,H1,50A AMI - FB1 IN (mini fuse module feed),GENERIC RING M5 10-8,Cabin fuse block (passenger glove box),real_connector,IN,Permanent bus in - 50A from HCFB H1,1-1355844-1,Red,10,b_bn_bp_1065__hcfb > b_bn_bp_1050__bp_1065 > b_bn_bp_1050__fusebox,480,,,,
ECU-Cabin,ECU-Cabin,w_ign,,EWD TBD Ignition switch I9-TBD TBD IGN ON -> ECU-B B28 - solder sleeve into the factory lead,oem_flying_lead,,,,ECU-B,real_connector,B28,DI 9 (Ignition Switch),3-1447221-4,Green,20,bn_bp_fl_ign_sw__fl_ign_sw_c1 > bn_bp_1020__bp_fl_ign_sw > bn_bp_1020__ecu_b,960,,,EWD TBD - page not recorded in this repo yet Ignition switch I9-TBD TBD,
ECU-Cabin,ECU-Cabin,w_inj_pwr_c,,Cabin fuse block (passenger glove box),real_connector,F11,15A - SW bus: injector bank,1-1355877-1,Bulkhead B - firewall (HDP24-24-21PN),real_connector,1,Switched 12V - INJECTOR power feed *,0460-220-1231,Red,14,b_bn_bp_1050__fusebox > b_bn_bp_1020__bp_1050 > b_bn_ecu_a__bp_1020 > b_bn_bp_960__ecu_a > b_bn_bp_930__bp_960 > b_bn_bp_900__bp_930 > b_bn_bp_870__bp_900 > b_bn_bp_870__bh_b_fw,610,,bulkhead B (mates engine half),,
ECU-Cabin,ECU-Cabin,w_k_efi_86,,Cabin fuse block (passenger glove box),real_connector,F12,"5A - relay coil feed, PERMANENT *",1-1355833-1,EFI Main Relay - ACTIVE-LOW - ECU sinks coil- (85); coil+ (86) permanent 12 V (F12 5 A),real_connector,86,Coil + - PERMANENT battery via F12 5A *,42281-1,Red,18,b_bn_bp_1050__fusebox > b_bn_bp_1050__bp_1065 > b_bn_bp_1065__bp_1080 > b_bn_bp_1080__bp_1110 > b_bn_bp_1110__k_efi,470,,,,
ECU-Cabin,ECU-Cabin,w_k_etb_86,,sp_sw12,splice,,,,ETB Power Relay - ACTIVE-LOW - ECU sinks coil- (85); coil+ (86) switched 12 V,real_connector,86,Coil + - ignition-switched 12V *,280919-4,Red,20,,,sp_sw12,,,
ECU-Cabin,ECU-Cabin,w_k_fan2_86,,sp_sw12,splice,,,,"Condenser Fan Relay (on/off, diode) - ACTIVE-LOW - ECU sinks coil- (85); coil+ (86) switched 12 V",real_connector,86,Coil + - ignition-switched 12V *,42281-1,Red,18,,,sp_sw12,,,
ECU-Cabin,ECU-Cabin,w_k_fan_86,,sp_sw12,splice,,,,Radiator Fan Relay (on/off) - ACTIVE-LOW - ECU sinks coil- (85); coil+ (86) switched 12 V,real_connector,86,Coil + - ignition-switched 12V *,42281-1,Red,18,,,sp_sw12,,,
ECU-Cabin,ECU-Cabin,w_k_fp_86,,sp_sw12,splice,,,,Fuel Pump Relay - ACTIVE-LOW - ECU sinks coil- (85); coil+ (86) switched 12 V,real_connector,86,Coil + - ignition-switched 12V *,42281-1,Red,18,,,sp_sw12,,,
ECU-Cabin,ECU-Cabin,w_k_str_86,,sp_sw12,splice,,,,Start Relay - ACTIVE-LOW - ECU sinks coil- (85); coil+ (86) switched 12 V,real_connector,86,Coil + - ignition-switched 12V *,42281-1,Red,18,,,sp_sw12,,,
ECU-Cabin,ECU-Cabin,w_mrs_c,,ECU-A,real_connector,A27,Aux 7 (MRS SPD),3-1447221-4,Bulkhead A - firewall (HDP24-24-47PE-L017),real_connector,36,Aux 7 MRS speed-out (ECU A27),0460-202-2031,Pink,20,b_bn_bp_960__ecu_a > b_bn_bp_930__bp_960 > b_bn_bp_900__bp_930 > b_bn_bp_870__bp_900 > b_bn_bp_840__bp_870 > b_bn_bp_840__bh_a_fw,410,,bulkhead A (mates engine half),,
ECU-Cabin,ECU-Cabin,w_rail_sp_5v_c,,sp_5v,splice,,,,Bulkhead A - firewall (HDP24-24-47PE-L017),real_connector,2,+5V Out to engine sensors,0460-202-1631,Orange,18,,,sp_5v,bulkhead A (mates engine half),,
ECU-Cabin,ECU-Cabin,w_rail_sp_8v_c,,sp_8v,splice,,,,Bulkhead A - firewall (HDP24-24-47PE-L017),real_connector,4,+8V Out to cam Hall,0460-202-1631,Orange/White,20,,,sp_8v,bulkhead A (mates engine half),,
ECU-Cabin,ECU-Cabin,w_rail_sp_gndout_c,,sp_gndout,splice,,,,Bulkhead A - firewall (HDP24-24-47PE-L017),real_connector,3,Gnd Out to engine sensors,0460-202-1631,Black/White,20,,,sp_gndout,bulkhead A (mates engine half),,
ECU-Cabin,ECU-Cabin,w_rail_sp_sw12_c,,sp_sw12,splice,,,,Bulkhead A - firewall (HDP24-24-47PE-L017),real_connector,5,Switched 12V to engine sensors,0460-202-1631,Red,18,,,sp_sw12,bulkhead A (mates engine half),,
ECU-Cabin,ECU-Cabin,w_shc_cam,,Bulkhead A - firewall (HDP24-24-47PE-L017),real_connector,34,Cam Hall screen,0460-202-2031,sp_shield_a,splice,,,,Shield,20,,,sp_shield_a,bulkhead A (mates engine half),,
ECU-Cabin,ECU-Cabin,w_shc_crank,,Bulkhead A - firewall (HDP24-24-47PE-L017),real_connector,33,Crank VR screen,0460-202-2031,sp_shield_a,splice,,,,Shield,20,,,sp_shield_a,bulkhead A (mates engine half),,
ECU-Cabin,ECU-Cabin,w_shc_knock1,,Bulkhead B - firewall (HDP24-24-21PN),real_connector,18,Knock 1 screen,0460-202-1631,sp_shield_b,splice,,,,Shield,20,,,sp_shield_b,bulkhead B (mates engine half),,
ECU-Cabin,ECU-Cabin,w_start,,EWD TBD Ignition switch (ST)-TBD TBD start request -> ECU-B B30 - solder sleeve into the factory lead,oem_flying_lead,,,,ECU-B,real_connector,B30,DI 7 (Start Req),3-1447221-4,Green,20,bn_bp_fl_start_req__fl_start_req_c1 > bn_bp_1200__bp_fl_start_req > bn_bp_1170__bp_1200 > bn_bp_1140__bp_1170 > bn_bp_1110__bp_1140 > bn_bp_1080__bp_1110 > bn_bp_1050__bp_1080 > bn_bp_1020__bp_1050 > bn_bp_1020__ecu_b,840,,,EWD TBD - page not recorded in this repo yet Ignition switch (ST)-TBD TBD,
ECU-Cabin,ECU-Cabin,w_str85,,Start Relay - ACTIVE-LOW - ECU sinks coil- (85); coil+ (86) switched 12 V,real_connector,85,ACTIVE-LOW Coil - -> Aux 8 / A26 - low-side,42281-1,ECU-A,real_connector,A26,Aux 8 (Start Rly),3-1447221-3,Pink,18,bn_bp_1140__k_str > bn_bp_1110__bp_1140 > bn_bp_1080__bp_1110 > bn_bp_1050__bp_1080 > bn_bp_1020__bp_1050 > bn_ecu_a__bp_1020,410,,,,
ECU-Cabin,ECU-Cabin,w_sw2,,EWD TBD Cruise control switch-TBD TBD cruise MAIN ON -> CSB3 S3 - solder sleeve into the factory lead,oem_flying_lead,,,,ECUMaster CSB3 - Power/CAN/Switch I/O,real_connector,c17,S3 - Cruise Main On,0462-201-2031,Green,20,bn_bp_fl_cruise_stalk__fl_cruise_stalk_c3 > bn_bp_1080__bp_fl_cruise_stalk > bn_bp_1080__bp_1110 > bn_bp_1110__bp_1140 > bn_bp_1140__bp_1170 > bn_bp_1170__bp_1200 > bn_bp_1200__bp_1230 > bn_bp_1230__csb3io,1190,,,EWD TBD - page not recorded in this repo yet Cruise control switch-TBD TBD,
ECU-Cabin,ECU-Cabin,w_sw3,,EWD TBD Cruise control switch-TBD TBD cruise SET/ACCEL -> CSB3 S4 - solder sleeve into the factory lead,oem_flying_lead,,,,ECUMaster CSB3 - Power/CAN/Switch I/O,real_connector,c18,S4 - Cruise Set/Accel,0462-201-2031,Green,20,bn_bp_fl_cruise_stalk__fl_cruise_stalk_c4 > bn_bp_1080__bp_fl_cruise_stalk > bn_bp_1080__bp_1110 > bn_bp_1110__bp_1140 > bn_bp_1140__bp_1170 > bn_bp_1170__bp_1200 > bn_bp_1200__bp_1230 > bn_bp_1230__csb3io,1190,,,EWD TBD - page not recorded in this repo yet Cruise control switch-TBD TBD,
ECU-Cabin,ECU-Cabin,w_sw4,,EWD TBD Cruise control switch-TBD TBD cruise RESUME/DECEL -> CSB3 S5 - solder sleeve into the factory lead,oem_flying_lead,,,,ECUMaster CSB3 - Power/CAN/Switch I/O,real_connector,c19,S5 - Cruise Resume/Decel,0462-201-2031,Green,20,bn_bp_fl_cruise_stalk__fl_cruise_stalk_c5 > bn_bp_1080__bp_fl_cruise_stalk > bn_bp_1080__bp_1110 > bn_bp_1110__bp_1140 > bn_bp_1140__bp_1170 > bn_bp_1170__bp_1200 > bn_bp_1200__bp_1230 > bn_bp_1230__csb3io,1190,,,EWD TBD - page not recorded in this repo yet Cruise control switch-TBD TBD,
ECU-Cabin,ECU-Cabin,w_sw5,,EWD TBD Clutch switch-TBD TBD clutch switch signal -> CSB3 S6 - solder sleeve into the factory lead,oem_flying_lead,,,,ECUMaster CSB3 - Power/CAN/Switch I/O,real_connector,c20,S6 - Clutch Switch,0462-201-2031,Green,20,bn_bp_fl_clutch_sw__fl_clutch_sw_c1 > bn_bp_930__bp_fl_clutch_sw > bn_bp_930__bp_960 > bn_bp_960__ecu_a > b_bn_ecu_a__bp_1020 > b_bn_bp_1020__csb3io,1230,,,EWD TBD - page not recorded in this repo yet Clutch switch-TBD TBD,
ECU-Cabin,ECU-Cabin,w_sw6,,EWD TBD Stop lamp switch-TBD TBD brake switch signal -> CSB3 S7 - solder sleeve into the factory lead,oem_flying_lead,,,,ECUMaster CSB3 - Power/CAN/Switch I/O,real_connector,c21,S7 - Brake Switch,0462-201-2031,Green,20,bn_bp_fl_brake_sw__fl_brake_sw_c1 > bn_bp_900__bp_fl_brake_sw > bn_bp_900__bp_930 > bn_bp_930__bp_960 > bn_bp_960__ecu_a > b_bn_ecu_a__bp_1020 > b_bn_bp_1020__csb3io,1390,,,EWD TBD - page not recorded in this repo yet Stop lamp switch-TBD TBD,
ECU-Cabin,ECU-Cabin,w_sw7_c,,ECUMaster CSB3 - Power/CAN/Switch I/O,real_connector,c22,S8 - Reverse (via Bulkhead B c12),0462-201-2031,Bulkhead B - firewall (HDP24-24-21PN),real_connector,12,ECUMaster CSB3 - Power/CAN/Switch I/O SW,0460-202-1631,Green,20,b_bn_bp_1020__csb3io > b_bn_ecu_a__bp_1020 > b_bn_bp_960__ecu_a > b_bn_bp_930__bp_960 > b_bn_bp_900__bp_930 > b_bn_bp_870__bp_900 > b_bn_bp_870__bh_b_fw,530,,bulkhead B (mates engine half),,
ECU-Cabin,ECU-Cabin,w_trig2_pin,,ECU-A,real_connector,A9,Trig 2,3-1447221-4,sp_trig2,splice,,,,Blue,20,,,sp_trig2,,,
ECU-Cabin,ECU-Cabin,w_vss_sig_c,,Bulkhead B - firewall (HDP24-24-21PN),real_connector,15,"Gearbox VSS signal (ECU B29, DI 8)",0460-202-1631,ECU-B,real_connector,B29,DI 8 (VSS - actual road speed),3-1447221-4,Green,20,bn_bp_870__bh_b_fw > bn_bp_870__bp_900 > bn_bp_900__bp_930 > bn_bp_930__bp_960 > bn_bp_960__ecu_a > bn_ecu_a__bp_1020 > bn_bp_1020__ecu_b,460,,bulkhead B (mates engine half),,
EngineRoom-C,EngineRoom-C,w_acp_1,,"Glove-box body block (fuses + relays, ex-J/B2)",real_connector,ACPS,"A/C pressure switch +12V, 5 A fuse *","(ring lug, sized to cable)","EWD p.152 A5-1 V-R A/C pressure switch +12V (ACPS 5 A, IG) - solder sleeve into the factory V-R lead at the switch",oem_flying_lead,,,,Violet,18,bn_bp_990__gbx_body > bn_bp_960__bp_990 > bn_pdb__bp_960 > bn_bp_900__pdb > bn_bp_870__bp_900 > bn_bp_840__bp_870 > bn_bp_810__bp_840 > bn_bp_780__bp_810 > bn_bp_750__bp_780 > bn_bp_720__bp_750 > bn_bp_690__bp_720 > bn_bp_660__bp_690 > bn_bp_450__bp_660 > bn_bp_420__bp_450 > bn_bp_390__bp_420 > bn_bp_360__bp_390 > bn_bp_330__bp_360 > bn_bp_300__bp_330 > bn_bp_270__bp_300 > bn_bp_240__bp_270 > bn_bp_210__bp_240 > bn_bp_185__bp_210 > bn_bp_180__bp_185 > bn_bp_150__bp_180 > bn_bp_150__bp_fl_ac_press > bn_bp_fl_ac_press__fl_ac_press_c1,3210,,,EWD p.152 A5-1 V-R,
EngineRoom-C,EngineRoom-C,w_alt,,"160 A alternator B+, 2 AWG to starter B+",terminal,,,,"Starter B+ post - lug 2, 2 AWG from alt",terminal,,,,Red,2,bn_bp_420__t_alt_b > bn_bp_420__bp_450 > bn_bp_450__bp_660 > bn_bp_660__bp_690 > bn_bp_690__bp_720 > bn_bp_720__bp_750 > bn_bp_750__bp_780 > bn_bp_780__bp_810 > bn_bp_810__t_starter_b_2,2640,,,,
EngineRoom-C,EngineRoom-C,w_eps_gnd,,MR-S EHPS pump (A power / B signal / C ignition),real_connector,A-2,[A 90980-12068 pin 2] GND *,"(Toyota TS terminals, supplied with owned housings)","Engine block stud - lug 3, 8 AWG EPS gnd",terminal,,,,Black,8,bn_bp_390__mrs_eps > bn_bp_390__bp_420 > bn_bp_420__bp_450 > bn_bp_450__bp_660 > bn_bp_660__bp_690 > bn_bp_690__bp_720 > bn_bp_720__bp_750 > bn_bp_750__bp_780 > bn_bp_780__t_eng_block_3,1610,,,,
EngineRoom-C,EngineRoom-C,w_eps_pwr,,"MR-S EHPS pump relay (HCR150, engine bay) - ACTIVE-LOW - ECU sinks coil- (85); coil+ (86) switched 12 V - HCR 150 coil is a 2-pole plug (TE terminals 1/2, not marked 85/86), resistor-suppressed so polarity-free",real_connector,87,"+12V out, passenger fender to pump","(ring lug, 8 AWG, M6)",MR-S EHPS pump (A power / B signal / C ignition),real_connector,A-1,[A 90980-12068 pin 1] +12V from k_eps 87 *,"(Toyota TS terminals, supplied with owned housings)",Red,8,bn_bp_450__k_eps > bn_bp_420__bp_450 > bn_bp_390__bp_420 > bn_bp_390__mrs_eps,280,,,,
EngineRoom-C,EngineRoom-C,w_eps_trig,,ECU-B-b12,reference_only,1,ECU-B pin B12 (Ign 6) — EPS relay trigger per *,,"MR-S EHPS pump relay (HCR150, engine bay) - ACTIVE-LOW - ECU sinks coil- (85); coil+ (86) switched 12 V - HCR 150 coil is a 2-pole plug (TE terminals 1/2, not marked 85/86), resistor-suppressed so polarity-free",real_connector,85,ACTIVE-LOW Coil - <- ECU-B B12 (Ign 6) *,282110-1,Violet,18,bn_bp_1350__dm_ecu_b_b12 > bn_bp_1320__bp_1350 > bn_bp_1290__bp_1320 > bn_bp_1260__bp_1290 > bn_bp_1230__bp_1260 > bn_bp_1200__bp_1230 > bn_bp_1170__bp_1200 > bn_bp_1140__bp_1170 > bn_bp_1110__bp_1140 > bn_bp_1080__bp_1110 > bn_bp_1050__bp_1080 > bn_bp_1020__bp_1050 > bn_bp_990__bp_1020 > bn_bp_960__bp_990 > bn_pdb__bp_960 > bn_bp_900__pdb > bn_bp_870__bp_900 > bn_bp_840__bp_870 > bn_bp_810__bp_840 > bn_bp_780__bp_810 > bn_bp_750__bp_780 > bn_bp_720__bp_750 > bn_bp_690__bp_720 > bn_bp_660__bp_690 > bn_bp_450__bp_660 > bn_bp_450__k_eps,2060,,cavity on ECU-Cabin,,
EngineRoom-C,EngineRoom-C,w_fan2_gnd,,Uprated condenser fan (GND),real_connector,-,"To EA / engine-room ground stud, 8 AWG",0462-203-08141,"OEM ground EA - lug 2, cond. fan 8 AWG",terminal,,,,Black,8,bn_bp_125__fan2_g > bn_bp_125__bp_150 > bn_bp_150__bp_180 > bn_bp_180__bp_185 > bn_bp_185__bp_210 > bn_bp_210__bp_240 > bn_bp_240__bp_270 > bn_bp_270__t_gnd_ea_2,775,,,,
EngineRoom-C,EngineRoom-C,w_fan2_pwr,,"Condenser fan relay (uprated, diode) - ACTIVE-LOW - ECU sinks coil- (85); coil+ (86) switched 12 V",real_connector,87,+12V out to condenser fan,280755-4,Uprated condenser fan (+),real_connector,+,"From k_fan2 87, 8 AWG",0462-203-08141,Red,8,bn_bp_1050__k_fan2 > bn_bp_1020__bp_1050 > bn_bp_990__bp_1020 > bn_bp_960__bp_990 > bn_pdb__bp_960 > bn_bp_900__pdb > bn_bp_870__bp_900 > bn_bp_840__bp_870 > bn_bp_810__bp_840 > bn_bp_780__bp_810 > bn_bp_750__bp_780 > bn_bp_720__bp_750 > bn_bp_690__bp_720 > bn_bp_660__bp_690 > bn_bp_450__bp_660 > bn_bp_420__bp_450 > bn_bp_390__bp_420 > bn_bp_360__bp_390 > bn_bp_330__bp_360 > bn_bp_300__bp_330 > bn_bp_270__bp_300 > bn_bp_240__bp_270 > bn_bp_210__bp_240 > bn_bp_185__bp_210 > bn_bp_180__bp_185 > bn_bp_150__bp_180 > bn_bp_125__bp_150 > bn_bp_120__bp_125 > bn_bp_120__fan2,2760,,,,
EngineRoom-C,EngineRoom-C,w_fan_gnd,,Uprated radiator fan (GND),real_connector,-,"To EA / engine-room ground stud, 8 AWG",0462-203-08141,OEM ground EA - right front fender,terminal,,,,Black,8,bn_bp_185__rad_fan_g > bn_bp_185__bp_210 > bn_bp_210__bp_240 > bn_bp_240__t_gnd_ea,865,,,,
EngineRoom-C,EngineRoom-C,w_fan_pwr,,Rad fan relay (uprated) - ACTIVE-LOW - ECU sinks coil- (85); coil+ (86) switched 12 V,real_connector,87,"+12V out to rad fan, engine-room C add-on",280755-4,Uprated radiator fan (+),real_connector,+,"From k_fan 87, 8 AWG",0462-203-08141,Red,8,bn_bp_1020__k_fan > bn_bp_990__bp_1020 > bn_bp_960__bp_990 > bn_pdb__bp_960 > bn_bp_900__pdb > bn_bp_870__bp_900 > bn_bp_840__bp_870 > bn_bp_810__bp_840 > bn_bp_780__bp_810 > bn_bp_750__bp_780 > bn_bp_720__bp_750 > bn_bp_690__bp_720 > bn_bp_660__bp_690 > bn_bp_450__bp_660 > bn_bp_420__bp_450 > bn_bp_390__bp_420 > bn_bp_360__bp_390 > bn_bp_330__bp_360 > bn_bp_300__bp_330 > bn_bp_270__bp_300 > bn_bp_240__bp_270 > bn_bp_210__bp_240 > bn_bp_185__bp_210 > bn_bp_180__bp_185 > bn_bp_180__rad_fan,2800,,,,
EngineRoom-C,EngineRoom-C,w_fb_k_eps_30,,HCFB-H4,reference_only,1,"HCFB H4, 60A AMI - EPS pump relay 30 ONLY *",,"MR-S EHPS pump relay (HCR150, engine bay) - ACTIVE-LOW - ECU sinks coil- (85); coil+ (86) switched 12 V - HCR 150 coil is a 2-pole plug (TE terminals 1/2, not marked 85/86), resistor-suppressed so polarity-free",real_connector,30,"Fused +12V in (HCFB H4 60A, ST185-ECU-Cabin)","(ring lug, 8 AWG, M6)",Red,8,bn_bp_1230__dm_hcfb_h4 > bn_bp_1200__bp_1230 > bn_bp_1170__bp_1200 > bn_bp_1140__bp_1170 > bn_bp_1110__bp_1140 > bn_bp_1080__bp_1110 > bn_bp_1050__bp_1080 > bn_bp_1020__bp_1050 > bn_bp_990__bp_1020 > bn_bp_960__bp_990 > bn_pdb__bp_960 > bn_bp_900__pdb > bn_bp_870__bp_900 > bn_bp_840__bp_870 > bn_bp_810__bp_840 > bn_bp_780__bp_810 > bn_bp_750__bp_780 > bn_bp_720__bp_750 > bn_bp_690__bp_720 > bn_bp_660__bp_690 > bn_bp_450__bp_660 > bn_bp_450__k_eps,1860,,cavity on ECU-Cabin,,
EngineRoom-C,EngineRoom-C,w_gnd_eb,,"Engine block stud - lug 2, 4 AWG to EB",terminal,,,,OEM ground EB - left front fender,terminal,,,,Black,4,bn_bp_720__t_eng_block_2 > bn_bp_690__bp_720 > bn_bp_660__bp_690 > bn_bp_450__bp_660 > bn_bp_420__bp_450 > bn_bp_390__bp_420 > bn_bp_360__bp_390 > bn_bp_330__bp_360 > bn_bp_300__bp_330 > bn_bp_270__bp_300 > bn_bp_240__bp_270 > bn_bp_210__bp_240 > bn_bp_210__t_gnd_eb,3250,,,,
EngineRoom-C,EngineRoom-C,w_gnd_id,,Cabin PDB (glove box),real_connector,GND,Cabin ground bus,"(ring lug, sized to cable)",OEM ground ID - left kick panel,terminal,,,,Black,53.5 mm2,bn_pdb__bp_960 > bn_bp_960__bp_990 > bn_bp_990__bp_1020 > bn_bp_1020__bp_1050 > bn_bp_1050__bp_1080 > bn_bp_1080__bp_1110 > bn_bp_1110__t_gnd_id,2220,,,,
EngineRoom-C,EngineRoom-C,w_gnd_ig,,Cabin PDB (glove box),real_connector,GND,Cabin ground bus,"(ring lug, sized to cable)","OEM ground IG - R/B4 set bolt, right kick",terminal,,,,Black,53.5 mm2,bn_pdb__bp_960 > bn_bp_960__t_gnd_ig,400,,,,
EngineRoom-C,EngineRoom-C,w_hl_twin,,OEM J/B2 2A (engine room main),real_connector,3,15A HEAD LH (inner circuit) - PMU O1,(generic),OEM J/B2 2D (engine room main),real_connector,2,15A HEAD LH twin of 2A-3 - dummy-header jumper,(generic),Red,14,bn_bp_360__oem_jb2_2a > bn_bp_330__bp_360 > bn_bp_330__oem_jb2_2d,2730,,,,
EngineRoom-C,EngineRoom-C,w_hr_twin,,OEM J/B2 2A (engine room main),real_connector,6,15A HEAD RH (inner circuit) - PMU O2,(generic),OEM J/B2 2D (engine room main),real_connector,6,15A HEAD RH twin of 2A-6 - dummy-header jumper,(generic),Red,14,bn_bp_360__oem_jb2_2a > bn_bp_330__bp_360 > bn_bp_330__oem_jb2_2d,2730,,,,
EngineRoom-C,EngineRoom-C,w_hv_mrs_en_e,,BH-B-c14,reference_only,1,Bulkhead B cavity 14 → MRS EPS pump logic *,,MR-S EHPS pump (A power / B signal / C ignition),real_connector,C-1,"[C 90980-10942 pin 1] IG-switched, F13 7.5A *","(Toyota TS terminals, supplied with owned housings)",Red,20,bn_bp_960__dm_bh_b_eng_c14 > bn_pdb__bp_960 > bn_bp_900__pdb > bn_bp_870__bp_900 > bn_bp_840__bp_870 > bn_bp_810__bp_840 > bn_bp_780__bp_810 > bn_bp_750__bp_780 > bn_bp_720__bp_750 > bn_bp_690__bp_720 > bn_bp_660__bp_690 > bn_bp_450__bp_660 > bn_bp_420__bp_450 > bn_bp_390__bp_420 > bn_bp_390__mrs_eps,1770,,cavity on A-engine,,
EngineRoom-C,EngineRoom-C,w_jump,,"Starter B+ post - lug 3, 2 AWG to jump post",terminal,,,,Engine-bay jump post,real_connector,1,Tied to starter B+ / RADLOK +,"(ring lug, sized to cable)",Red,2,bn_bp_840__t_starter_b_3 > bn_bp_840__bp_870 > bn_bp_870__jump_pos,2410,,,,
EngineRoom-C,EngineRoom-C,w_k_eps_86,,sp_sw12-Splice,reference_only,1,Ignition-switched +12V splice (sp_sw12) *,,"MR-S EHPS pump relay (HCR150, engine bay) - ACTIVE-LOW - ECU sinks coil- (85); coil+ (86) switched 12 V - HCR 150 coil is a 2-pole plug (TE terminals 1/2, not marked 85/86), resistor-suppressed so polarity-free",real_connector,86,Coil + IG-switched 12V,282110-1,Red,18,bn_bp_1260__dm_sp_sw12_Splice > bn_bp_1230__bp_1260 > bn_bp_1200__bp_1230 > bn_bp_1170__bp_1200 > bn_bp_1140__bp_1170 > bn_bp_1110__bp_1140 > bn_bp_1080__bp_1110 > bn_bp_1050__bp_1080 > bn_bp_1020__bp_1050 > bn_bp_990__bp_1020 > bn_bp_960__bp_990 > bn_pdb__bp_960 > bn_bp_900__pdb > bn_bp_870__bp_900 > bn_bp_840__bp_870 > bn_bp_810__bp_840 > bn_bp_780__bp_810 > bn_bp_750__bp_780 > bn_bp_720__bp_750 > bn_bp_690__bp_720 > bn_bp_660__bp_690 > bn_bp_450__bp_660 > bn_bp_450__k_eps,1870,,cavity on ECU-Cabin,,
EngineRoom-C,EngineRoom-C,w_mrs_e,,BH-A-c36,reference_only,1,Bulkhead A cavity 36 → ECU-A A27 *,,MR-S EHPS pump (A power / B signal / C ignition),real_connector,B-2,[B 90980-10897 pin 2] SPD Out *,"(Toyota TS terminals, supplied with owned housings)",Pink,20,bn_bp_900__dm_bh_a_eng_c36 > bn_bp_870__bp_900 > bn_bp_840__bp_870 > bn_bp_810__bp_840 > bn_bp_780__bp_810 > bn_bp_750__bp_780 > bn_bp_720__bp_750 > bn_bp_690__bp_720 > bn_bp_660__bp_690 > bn_bp_450__bp_660 > bn_bp_420__bp_450 > bn_bp_390__bp_420 > bn_bp_390__mrs_eps,1460,,cavity on A-engine,,
EngineRoom-C,EngineRoom-C,w_pdb_am1,,Cabin PDB (glove box),real_connector,AM1,40A fused AM1 to IE1-10 / I9-4,"(ring lug, sized to cable)",EWD p.31 IE1-10 W AM1 to ignition switch I9-4 - solder sleeve into the factory lead,oem_flying_lead,,,,White,8,bn_pdb__bp_960 > bn_bp_960__bp_990 > bn_bp_990__bp_1020 > bn_bp_1020__bp_1050 > bn_bp_1050__bp_1080 > bn_bp_1080__bp_1110 > bn_bp_1110__bp_1140 > bn_bp_1140__bp_fl_oem_ie1 > bn_bp_fl_oem_ie1__fl_oem_ie1_c10,2240,,,EWD p.31 IE1-10 W,
EngineRoom-C,EngineRoom-C,w_pdb_am2,,Cabin PDB (glove box),real_connector,AM2,30A fused AM2 to IE1-17 / I9-10,"(ring lug, sized to cable)",EWD p.31 IE1-17 B-R AM2 to ignition switch I9-10 - solder sleeve into the factory lead,oem_flying_lead,,,,Brown,10,bn_pdb__bp_960 > bn_bp_960__bp_990 > bn_bp_990__bp_1020 > bn_bp_1020__bp_1050 > bn_bp_1050__bp_1080 > bn_bp_1080__bp_1110 > bn_bp_1110__bp_1140 > bn_bp_1140__bp_fl_oem_ie1 > bn_bp_fl_oem_ie1__fl_oem_ie1_c17,2240,,,EWD p.31 IE1-17 B-R,
EngineRoom-C,EngineRoom-C,w_pdb_jb1,,Cabin PDB (glove box),real_connector,OEM HOT,60A fused OEM HOT - always-hot feed to J/B No.1 1I-1 (6 AWG),"(ring lug, sized to cable)",EWD p.18-19 J/B1 1I-1 TBD J/B1 primary B+ (always hot; was FL ALT) - solder sleeve into the factory 1I-1 lead,oem_flying_lead,,,,White,6,bn_pdb__bp_960 > bn_bp_960__bp_990 > bn_bp_990__bp_1020 > bn_bp_1020__bp_1050 > bn_bp_1050__bp_1080 > bn_bp_1080__bp_1110 > bn_bp_1110__bp_1140 > bn_bp_1140__bp_1170 > bn_bp_1170__bp_fl_oem_jb1_1i > bn_bp_fl_oem_jb1_1i__fl_oem_jb1_1i_c1,2190,,,EWD p.18-19 J/B1 1I-1 TBD,
EngineRoom-C,EngineRoom-C,w_pdb_pmu,,Cabin PDB (glove box),real_connector,PMU M6,Glove-box body block feed stud (ex-PMU),"(ring lug, sized to cable)","Glove-box body block (fuses + relays, ex-J/B2)",real_connector,IN,"Feed from PDB stud, ANL 100 A","(ring lug, sized to cable)",Red,4,bn_pdb__bp_960 > bn_bp_960__bp_990 > bn_bp_990__gbx_body,520,,,,
EngineRoom-C,EngineRoom-C,w_pdb_rln,,Cabin PDB (glove box),real_connector,GND,Cabin ground bus,"(ring lug, sized to cable)",RADLOK - firewall,real_connector,1,heavy DC -,(integral - RL00801-50),Black,53.5 mm2,bn_pdb__bp_960 > bn_bp_960__bp_990 > bn_bp_990__bp_1020 > bn_bp_1020__bp_1050 > bn_bp_1050__bp_1080 > bn_bp_1080__rl_neg_fw,720,,,,
EngineRoom-C,EngineRoom-C,w_pdb_rlp,,Cabin PDB (glove box),real_connector,ALT/STR,To RADLOK +  (starter / 160 A alt),"(ring lug, sized to cable)",RADLOK + firewall,real_connector,1,heavy DC +,(integral - RL00801-50),Red,53.5 mm2,bn_pdb__bp_960 > bn_bp_960__bp_990 > bn_bp_990__bp_1020 > bn_bp_1020__bp_1050 > bn_bp_1050__rl_pos_fw,770,,,,
EngineRoom-C,EngineRoom-C,w_pmu_dome,,"Glove-box body block (fuses + relays, ex-J/B2)",real_connector,DM,"DOME - 20 A fuse, always-hot -> J/B2 2E-4","(ring lug, sized to cable)",OEM J/B2 2E (engine room main),real_connector,4,20A DOME *,(generic),Red,12,bn_bp_990__gbx_body > bn_bp_960__bp_990 > bn_pdb__bp_960 > bn_bp_900__pdb > bn_bp_870__bp_900 > bn_bp_840__bp_870 > bn_bp_810__bp_840 > bn_bp_780__bp_810 > bn_bp_750__bp_780 > bn_bp_720__bp_750 > bn_bp_690__bp_720 > bn_bp_660__bp_690 > bn_bp_450__bp_660 > bn_bp_420__bp_450 > bn_bp_390__bp_420 > bn_bp_360__bp_390 > bn_bp_330__bp_360 > bn_bp_300__bp_330 > bn_bp_300__oem_jb2_2e,3200,,,,
EngineRoom-C,EngineRoom-C,w_pmu_gnd,,"Glove-box body block (fuses + relays, ex-J/B2)",real_connector,GND,Chassis / PDB ground,"(ring lug, sized to cable)",Cabin PDB (glove box),real_connector,GND,Cabin ground bus,"(ring lug, sized to cable)",Black,4,bn_bp_990__gbx_body > bn_bp_960__bp_990 > bn_pdb__bp_960,520,,,,
EngineRoom-C,EngineRoom-C,w_pmu_hl,,"Glove-box body block (fuses + relays, ex-J/B2)",real_connector,HL,"HEAD LH - relay 87, 15 A fuse -> J/B2 2A-3 *","(ring lug, sized to cable)",OEM J/B2 2A (engine room main),real_connector,3,15A HEAD LH (inner circuit) - PMU O1,(generic),Red,14,bn_bp_990__gbx_body > bn_bp_960__bp_990 > bn_pdb__bp_960 > bn_bp_900__pdb > bn_bp_870__bp_900 > bn_bp_840__bp_870 > bn_bp_810__bp_840 > bn_bp_780__bp_810 > bn_bp_750__bp_780 > bn_bp_720__bp_750 > bn_bp_690__bp_720 > bn_bp_660__bp_690 > bn_bp_450__bp_660 > bn_bp_420__bp_450 > bn_bp_390__bp_420 > bn_bp_360__bp_390 > bn_bp_360__oem_jb2_2a,3110,,,,
EngineRoom-C,EngineRoom-C,w_pmu_horn,,"Glove-box body block (fuses + relays, ex-J/B2)",real_connector,HZ,HAZ-HORN - 15 A fuse -> J/B2 2E-3,"(ring lug, sized to cable)",OEM J/B2 2E (engine room main),real_connector,3,PROBE: inner cct = 15A HAZ-HORN *,(generic),Red,14,bn_bp_990__gbx_body > bn_bp_960__bp_990 > bn_pdb__bp_960 > bn_bp_900__pdb > bn_bp_870__bp_900 > bn_bp_840__bp_870 > bn_bp_810__bp_840 > bn_bp_780__bp_810 > bn_bp_750__bp_780 > bn_bp_720__bp_750 > bn_bp_690__bp_720 > bn_bp_660__bp_690 > bn_bp_450__bp_660 > bn_bp_420__bp_450 > bn_bp_390__bp_420 > bn_bp_360__bp_390 > bn_bp_330__bp_360 > bn_bp_300__bp_330 > bn_bp_300__oem_jb2_2e,3200,,,,
EngineRoom-C,EngineRoom-C,w_pmu_hr,,"Glove-box body block (fuses + relays, ex-J/B2)",real_connector,HR,"HEAD RH - relay 87, 15 A fuse -> J/B2 2A-6 *","(ring lug, sized to cable)",OEM J/B2 2A (engine room main),real_connector,6,15A HEAD RH (inner circuit) - PMU O2,(generic),Red,14,bn_bp_990__gbx_body > bn_bp_960__bp_990 > bn_pdb__bp_960 > bn_bp_900__pdb > bn_bp_870__bp_900 > bn_bp_840__bp_870 > bn_bp_810__bp_840 > bn_bp_780__bp_810 > bn_bp_750__bp_780 > bn_bp_720__bp_750 > bn_bp_690__bp_720 > bn_bp_660__bp_690 > bn_bp_450__bp_660 > bn_bp_420__bp_450 > bn_bp_390__bp_420 > bn_bp_360__bp_390 > bn_bp_360__oem_jb2_2a,3110,,,,
EngineRoom-C,EngineRoom-C,w_pmu_rtr,,"Glove-box body block (fuses + relays, ex-J/B2)",real_connector,RT,"RTR - relay 87, 30 A fuse -> J/B2 2E-2","(ring lug, sized to cable)",OEM J/B2 2E (engine room main),real_connector,2,PROBE: inner cct = 30A RTR *,(generic),Red,10,bn_bp_990__gbx_body > bn_bp_960__bp_990 > bn_pdb__bp_960 > bn_bp_900__pdb > bn_bp_870__bp_900 > bn_bp_840__bp_870 > bn_bp_810__bp_840 > bn_bp_780__bp_810 > bn_bp_750__bp_780 > bn_bp_720__bp_750 > bn_bp_690__bp_720 > bn_bp_660__bp_690 > bn_bp_450__bp_660 > bn_bp_420__bp_450 > bn_bp_390__bp_420 > bn_bp_360__bp_390 > bn_bp_330__bp_360 > bn_bp_300__bp_330 > bn_bp_300__oem_jb2_2e,3200,,,,
EngineRoom-C,EngineRoom-C,w_rb2,,Cabin PDB (glove box),real_connector,FUSE IN,Cabin fuse block IN,"(ring lug, sized to cable)",EWD p.23 R/B2-1 W 30A POWER fuse input (windows / locks) - feed the fuse input only - solder sleeve into the factory lead,oem_flying_lead,,,,Red,10,bn_pdb__bp_960 > bn_bp_960__bp_990 > bn_bp_990__bp_1020 > bn_bp_1020__bp_1050 > bn_bp_1050__bp_1080 > bn_bp_1080__bp_1110 > bn_bp_1110__bp_1140 > bn_bp_1140__bp_1170 > bn_bp_1170__bp_1200 > bn_bp_1200__bp_fl_oem_rb2 > bn_bp_fl_oem_rb2__fl_oem_rb2_c1,2150,,,EWD p.23 R/B2-1 W,
EngineRoom-C,EngineRoom-C,w_rb4,,Cabin PDB (glove box),real_connector,FUSE IN,Cabin fuse block IN,"(ring lug, sized to cable)",EWD p.24 R/B4-1 TBD 40A HEATER fuse input - feed the fuse input only - solder sleeve into the factory lead,oem_flying_lead,,,,Red,8,bn_bp_900__pdb > bn_bp_900__bp_fl_oem_rb4 > bn_bp_fl_oem_rb4__fl_oem_rb4_c1,410,,,EWD p.24 R/B4-1 TBD,
EngineRoom-C,EngineRoom-C,w_rl_pos,,RADLOK + firewall,real_connector,1,heavy DC +,(integral - RL00801-50),RADLOK + engine,real_connector,1,heavy DC +,(integral - RL00801-50),Red,53.5 mm2,bn_bp_1050__rl_pos_fw > bn_bp_1020__bp_1050 > bn_bp_990__bp_1020 > bn_bp_990__rl_pos_eng,910,,,,
EngineRoom-C,EngineRoom-C,w_rln,,RADLOK - firewall,real_connector,1,heavy DC -,(integral - RL00801-50),RADLOK - engine,real_connector,1,heavy DC -,(integral - RL00801-50),Black,53.5 mm2,bn_bp_1080__rl_neg_fw > bn_bp_1050__bp_1080 > bn_bp_1020__bp_1050 > bn_bp_1020__rl_neg_eng,810,,,,
EngineRoom-C,EngineRoom-C,w_rln_blk,,RADLOK - engine,real_connector,1,heavy DC -,(integral - RL00801-50),"Engine block ground stud, 1/0, jump lug",terminal,,,,Black,53.5 mm2,bn_bp_1020__rl_neg_eng > bn_bp_990__bp_1020 > bn_bp_960__bp_990 > bn_pdb__bp_960 > bn_bp_900__pdb > bn_bp_870__bp_900 > bn_bp_840__bp_870 > bn_bp_810__bp_840 > bn_bp_780__bp_810 > bn_bp_750__bp_780 > bn_bp_720__bp_750 > bn_bp_690__bp_720 > bn_bp_690__t_eng_block,2070,,,,
EngineRoom-C,EngineRoom-C,w_rlp_str,,RADLOK + engine,real_connector,1,heavy DC +,(integral - RL00801-50),"Starter B+ post, jump lug, 1/0",terminal,,,,Red,53.5 mm2,bn_bp_990__rl_pos_eng > bn_bp_960__bp_990 > bn_pdb__bp_960 > bn_bp_900__pdb > bn_bp_870__bp_900 > bn_bp_840__bp_870 > bn_bp_810__bp_840 > bn_bp_780__bp_810 > bn_bp_750__bp_780 > bn_bp_750__t_starter_b,2180,,,,
EngineRoom-C,EngineRoom-C,w_trunk_neg,,"Trunk battery -  (1/0, jump lug)",terminal,,,,Cabin PDB (glove box),real_connector,GND,Cabin ground bus,"(ring lug, sized to cable)",Black,53.5 mm2,bn_bp_2460__t_trunk_neg > bn_bp_2430__bp_2460 > bn_bp_1350__bp_2430 > bn_bp_1320__bp_1350 > bn_bp_1290__bp_1320 > bn_bp_1260__bp_1290 > bn_bp_1230__bp_1260 > bn_bp_1200__bp_1230 > bn_bp_1170__bp_1200 > bn_bp_1140__bp_1170 > bn_bp_1110__bp_1140 > bn_bp_1080__bp_1110 > bn_bp_1050__bp_1080 > bn_bp_1020__bp_1050 > bn_bp_990__bp_1020 > bn_bp_960__bp_990 > bn_pdb__bp_960,3700,,,,
EngineRoom-C,EngineRoom-C,w_trunk_pos,,"Trunk battery +  (1/0, jump lug)",terminal,,,,Cabin PDB (glove box),real_connector,BAT+,Trunk battery + 1/0,"(ring lug, sized to cable)",Red,53.5 mm2,bn_bp_2430__t_trunk_pos > bn_bp_1350__bp_2430 > bn_bp_1320__bp_1350 > bn_bp_1290__bp_1320 > bn_bp_1260__bp_1290 > bn_bp_1230__bp_1260 > bn_bp_1200__bp_1230 > bn_bp_1170__bp_1200 > bn_bp_1140__bp_1170 > bn_bp_1110__bp_1140 > bn_bp_1080__bp_1110 > bn_bp_1050__bp_1080 > bn_bp_1020__bp_1050 > bn_bp_990__bp_1020 > bn_bp_960__bp_990 > bn_pdb__bp_960,3750,,,,
RearFuel,RearFuel,w45_r,,Fuel level - 2-way inline mate (IX_FUEL_LVL),inline_interface,2,Fuel level ground -> Gnd Out,0462-201-16141,Fuel Level Sender,real_connector,c2,GND,12084200,Black/White,20,bn_ix_fuel_p__fuellvl,300,,IX_FUEL_LVL -> ECU-Cabin,,
RearFuel,RearFuel,w_fl_sig_r,,Fuel level - 2-way inline mate (IX_FUEL_LVL),inline_interface,1,Fuel level signal -> ECU-B B24 (pull-up at sp_fl_sig),0462-201-16141,Fuel Level Sender,real_connector,c1,SIG,12084200,White,20,bn_ix_fuel_p__fuellvl,300,,IX_FUEL_LVL -> ECU-Cabin,,
WheelSpeed-Front,WheelSpeed-Front,cab_fl_n,cab_fl,ABS Wheel Speed FL,real_connector,2,VR- (front left),0462-201-16141,VRC_FRONT_IN_L - (FL VR-),device_endpoint,,,,Green,20,bn_wss_fl__bp_f_y > bn_bp_f_y__bp_f_vrc > bn_bp_f_vrc__bp_f_inl > bn_bp_f_inl__ep_vrc_f_inl_n,1320,,VRC_FRONT_IN_L,,
WheelSpeed-Front,WheelSpeed-Front,cab_fl_p,cab_fl,ABS Wheel Speed FL,real_connector,1,VR+ (front left),0462-201-16141,"VRC_FRONT_IN_L + (FL VR+) - device endpoint, VRC not drawn",device_endpoint,,,,White,20,bn_wss_fl__bp_f_y > bn_bp_f_y__bp_f_vrc > bn_bp_f_vrc__bp_f_inl > bn_bp_f_inl__ep_vrc_f_inl_p,1320,,VRC_FRONT_IN_L,,
WheelSpeed-Front,WheelSpeed-Front,cab_fl_sh,cab_fl,VRC_FRONT_IN_L screen - rides IN pin 3 to the VRC case (enclosure joins it),device_endpoint,,,,,?,,,,Shield,20,,,,VRC_FRONT_IN_L,,
WheelSpeed-Front,WheelSpeed-Front,cab_fout_5v,cab_fout,VRC_FRONT_OUT +5V,device_endpoint,,,,WS FRONT OUT - 6-way inline to ECU spur (IX_WS_FRONT),inline_interface,1,+5V - VRC front supply (ECU sensor +5V),0460-202-1631,Orange,20,bn_bp_f_out__ep_vrc_f_out_5v > bn_bp_f_out__bp_f_fwd > bn_bp_f_fwd__ix_ws_front_r,1410,,VRC_FRONT_OUT; IX_WS_FRONT -> ECU-Cabin,,
WheelSpeed-Front,WheelSpeed-Front,cab_fout_fr_sh,cab_fout_fr,,?,,,,WS FRONT OUT - 6-way inline to ECU spur (IX_WS_FRONT),inline_interface,6,"Screen drain, FR cable -> SHIELD_B (B17)",0460-202-1631,Shield,20,,,,IX_WS_FRONT -> ECU-Cabin,,
WheelSpeed-Front,WheelSpeed-Front,cab_fout_gnd,cab_fout,VRC_FRONT_OUT Gnd Out,device_endpoint,,,,WS FRONT OUT - 6-way inline to ECU spur (IX_WS_FRONT),inline_interface,2,Gnd Out - VRC front ground,0460-202-1631,Black,20,bn_bp_f_out__ep_vrc_f_out_gnd > bn_bp_f_out__bp_f_fwd > bn_bp_f_fwd__ix_ws_front_r,1410,,VRC_FRONT_OUT; IX_WS_FRONT -> ECU-Cabin,,
WheelSpeed-Front,WheelSpeed-Front,cab_fout_l,cab_fout,VRC_FRONT_OUT FL out,device_endpoint,,,,WS FRONT OUT - 6-way inline to ECU spur (IX_WS_FRONT),inline_interface,3,FL conditioned out -> ECU-A A23 (DI 3),0460-202-1631,Blue,20,bn_bp_f_out__ep_vrc_f_out_l > bn_bp_f_out__bp_f_fwd > bn_bp_f_fwd__ix_ws_front_r,1410,,VRC_FRONT_OUT; IX_WS_FRONT -> ECU-Cabin,,
WheelSpeed-Front,WheelSpeed-Front,cab_fout_r,cab_fout_fr,VRC_FRONT_OUT FR out,device_endpoint,,,,WS FRONT OUT - 6-way inline to ECU spur (IX_WS_FRONT),inline_interface,4,FR conditioned out -> ECU-B B21 (DI 4),0460-202-1631,Violet,20,bn_bp_f_out__ep_vrc_f_out_r > bn_bp_f_out__bp_f_fwd > bn_bp_f_fwd__ix_ws_front_r,1410,,VRC_FRONT_OUT; IX_WS_FRONT -> ECU-Cabin,,
WheelSpeed-Front,WheelSpeed-Front,cab_fout_sh,cab_fout,VRC_FRONT_OUT screen - bonded to the VRC case,device_endpoint,,,,WS FRONT OUT - 6-way inline to ECU spur (IX_WS_FRONT),inline_interface,5,"Screen drain, FL/supply cable -> SHIELD_A (A7)",0460-202-1631,Shield,20,bn_bp_f_out__ep_vrc_f_out_sh > bn_bp_f_out__bp_f_fwd > bn_bp_f_fwd__ix_ws_front_r,1410,,VRC_FRONT_OUT; IX_WS_FRONT -> ECU-Cabin,,
WheelSpeed-Front,WheelSpeed-Front,cab_fr_n,cab_fr,ABS Wheel Speed FR,real_connector,2,VR- (front right),0462-201-16141,VRC_FRONT_IN_R - (FR VR-),device_endpoint,,,,Green,20,bn_wss_fr__bp_f_y > bn_bp_f_y__bp_f_vrc > bn_bp_f_vrc__bp_f_inr > bn_bp_f_inr__ep_vrc_f_inr_n,980,,VRC_FRONT_IN_R,,
WheelSpeed-Front,WheelSpeed-Front,cab_fr_p,cab_fr,ABS Wheel Speed FR,real_connector,1,VR+ (front right),0462-201-16141,"VRC_FRONT_IN_R + (FR VR+) - device endpoint, VRC not drawn",device_endpoint,,,,White,20,bn_wss_fr__bp_f_y > bn_bp_f_y__bp_f_vrc > bn_bp_f_vrc__bp_f_inr > bn_bp_f_inr__ep_vrc_f_inr_p,980,,VRC_FRONT_IN_R,,
WheelSpeed-Front,WheelSpeed-Front,cab_fr_sh,cab_fr,VRC_FRONT_IN_R screen - rides IN pin 3 to the VRC case (enclosure joins it),device_endpoint,,,,,?,,,,Shield,20,,,,VRC_FRONT_IN_R,,
WheelSpeed-Rear,WheelSpeed-Rear,cab_rl_n,cab_rl,ABS Wheel Speed RL,real_connector,2,VR- (rear left),0462-201-16141,VRC_REAR_IN_L - (RL VR-),device_endpoint,,,,Green,20,bn_wss_rl__bp_r_y > bn_bp_r_y__bp_r_vrc > bn_bp_r_vrc__bp_r_inl > bn_bp_r_inl__ep_vrc_r_inl_n,1400,,VRC_REAR_IN_L,,
WheelSpeed-Rear,WheelSpeed-Rear,cab_rl_p,cab_rl,ABS Wheel Speed RL,real_connector,1,VR+ (rear left),0462-201-16141,"VRC_REAR_IN_L + (RL VR+) - device endpoint, VRC not drawn",device_endpoint,,,,White,20,bn_wss_rl__bp_r_y > bn_bp_r_y__bp_r_vrc > bn_bp_r_vrc__bp_r_inl > bn_bp_r_inl__ep_vrc_r_inl_p,1400,,VRC_REAR_IN_L,,
WheelSpeed-Rear,WheelSpeed-Rear,cab_rl_sh,cab_rl,VRC_REAR_IN_L screen - rides IN pin 3 to the VRC case (enclosure joins it),device_endpoint,,,,,?,,,,Shield,20,,,,VRC_REAR_IN_L,,
WheelSpeed-Rear,WheelSpeed-Rear,cab_rout_5v,cab_rout,VRC_REAR_OUT +5V,device_endpoint,,,,WS REAR OUT - 6-way inline to ECU spur (IX_WS_REAR),inline_interface,1,+5V - VRC rear supply (ECU sensor +5V),0460-202-1631,Orange,20,bn_bp_r_out__ep_vrc_r_out_5v > bn_bp_r_out__bp_r_fwd > bn_bp_r_fwd__ix_ws_rear_r,2190,,VRC_REAR_OUT; IX_WS_REAR -> ECU-Cabin,,
WheelSpeed-Rear,WheelSpeed-Rear,cab_rout_gnd,cab_rout,VRC_REAR_OUT Gnd Out,device_endpoint,,,,WS REAR OUT - 6-way inline to ECU spur (IX_WS_REAR),inline_interface,2,Gnd Out - VRC rear ground,0460-202-1631,Black,20,bn_bp_r_out__ep_vrc_r_out_gnd > bn_bp_r_out__bp_r_fwd > bn_bp_r_fwd__ix_ws_rear_r,2190,,VRC_REAR_OUT; IX_WS_REAR -> ECU-Cabin,,
WheelSpeed-Rear,WheelSpeed-Rear,cab_rout_l,cab_rout,VRC_REAR_OUT RL out,device_endpoint,,,,WS REAR OUT - 6-way inline to ECU spur (IX_WS_REAR),inline_interface,3,RL conditioned out -> ECU-B B20 (DI 5),0460-202-1631,Blue,20,bn_bp_r_out__ep_vrc_r_out_l > bn_bp_r_out__bp_r_fwd > bn_bp_r_fwd__ix_ws_rear_r,2190,,VRC_REAR_OUT; IX_WS_REAR -> ECU-Cabin,,
WheelSpeed-Rear,WheelSpeed-Rear,cab_rout_r,cab_rout,VRC_REAR_OUT RR out,device_endpoint,,,,WS REAR OUT - 6-way inline to ECU spur (IX_WS_REAR),inline_interface,4,RR conditioned out -> ECU-B B19 (DI 6),0460-202-1631,Violet,20,bn_bp_r_out__ep_vrc_r_out_r > bn_bp_r_out__bp_r_fwd > bn_bp_r_fwd__ix_ws_rear_r,2190,,VRC_REAR_OUT; IX_WS_REAR -> ECU-Cabin,,
WheelSpeed-Rear,WheelSpeed-Rear,cab_rout_sh,cab_rout,VRC_REAR_OUT screen - bonded to the VRC case,device_endpoint,,,,WS REAR OUT - 6-way inline to ECU spur (IX_WS_REAR),inline_interface,5,Screen drain -> SHIELD_B (B17),0460-202-1631,Shield,20,bn_bp_r_out__ep_vrc_r_out_sh > bn_bp_r_out__bp_r_fwd > bn_bp_r_fwd__ix_ws_rear_r,2190,,VRC_REAR_OUT; IX_WS_REAR -> ECU-Cabin,,
WheelSpeed-Rear,WheelSpeed-Rear,cab_rr_n,cab_rr,ABS Wheel Speed RR,real_connector,2,VR- (rear right),0462-201-16141,VRC_REAR_IN_R - (RR VR-),device_endpoint,,,,Green,20,bn_wss_rr__bp_r_y > bn_bp_r_y__bp_r_vrc > bn_bp_r_vrc__bp_r_inr > bn_bp_r_inr__ep_vrc_r_inr_n,880,,VRC_REAR_IN_R,,
WheelSpeed-Rear,WheelSpeed-Rear,cab_rr_p,cab_rr,ABS Wheel Speed RR,real_connector,1,VR+ (rear right),0462-201-16141,"VRC_REAR_IN_R + (RR VR+) - device endpoint, VRC not drawn",device_endpoint,,,,White,20,bn_wss_rr__bp_r_y > bn_bp_r_y__bp_r_vrc > bn_bp_r_vrc__bp_r_inr > bn_bp_r_inr__ep_vrc_r_inr_p,880,,VRC_REAR_IN_R,,
WheelSpeed-Rear,WheelSpeed-Rear,cab_rr_sh,cab_rr,VRC_REAR_IN_R screen - rides IN pin 3 to the VRC case (enclosure joins it),device_endpoint,,,,,?,,,,Shield,20,,,,VRC_REAR_IN_R,,
